Departement;Commune;Habitants;Agglo;Maire;Qui gere EP;Statut;Prestataire EP;Contact;Notes
"Hauts-de-Seine (92)";"Boulogne-Billancourt";121486;"EPT Grand Paris Seine Ouest";"Pierre-Christophe BAGUET";"";"refused";"";"06 09 51 96 56";""
"Seine-Saint-Denis (93)";"Saint-Denis";115237;"EPT Plaine Commune";"Bally BAGAYOKO";"commune";"inprogress";"";"CM";"vend 8h30"
"Seine-Saint-Denis (93)";"Montreuil";110758;"EPT Est Ensemble";"Patrice BESSAC";"";"inprogress";"";"";""
"Val-d'Oise (95)";"Argenteuil";106130;"EPT Boucle Nord de Seine";"Georges MOTHRON";"";"todo";"";"";""
"Hauts-de-Seine (92)";"Nanterre";97351;"EPT Paris Ouest La Défense";"Raphael ADAM";"";"done";"EIFFAGE energie + SATELEC";"";"CM + Bailleur "
"Val-de-Marne (94)";"Vitry-sur-Seine";95282;"EPT Grand-Orly Seine Bièvre";"Pierre BELL-LLOCH";"";"inprogress";"";"";""
"Hauts-de-Seine (92)";"Asnières-sur-Seine";93834;"EPT Boucle Nord de Seine";"Manuel AESCHLIMANN";"commune";"done";"VIOLA";"01 41 11 15 77";"plusieurs ss groupe (mpe) 4rubriquebailleur"
"Val-de-Marne (94)";"Créteil";92859;"EPT Grand Paris Sud Est Avenir";"Laurent CATHALA";"";"inprogress";"";"";""
"Seine-Saint-Denis (93)";"Aubervilliers";89489;"EPT Plaine Commune";"Sofienne KARROUMI";"";"done";"m light";"guichet.unique@mairie-aubervilliers.fr";"01 48 79 84 46"
"Hauts-de-Seine (92)";"Colombes";88870;"EPT Boucle Nord de Seine";"Joakim GIACOMONI";"commune";"done";"BENTIN";"01 47 60 80 00";"BAILLEUR"
"Seine-Saint-Denis (93)";"Aulnay-sous-Bois";86360;"EPT Paris Terres d'Envol";"Bruno BESCHIZZA";"";"inprogress";"";"";"13h30"
"Yvelines (78)";"Versailles";83587;"CA Versailles Grand Parc";"François DE MAZIÈRES";"";"callback";"";"01 30 97 82 49";""
"Hauts-de-Seine (92)";"Courbevoie";81516;"EPT Paris Ouest La Défense";"Jacques KOSSOWSKI";"commune";"done";"PRUNEVEILLE";"01 71 05 70 00";"Bailleur + CM"
"Val-de-Marne (94)";"Champigny-sur-Marne";78367;"EPT Paris Est Marne et Bois";"Laurent JEANNE";"";"inprogress";"";"";""
"Hauts-de-Seine (92)";"Rueil-Malmaison";78186;"EPT Paris Ouest La Défense";"Patrick OLLIER";"";"done";"Eiffage";"01 47 32 65 83 ; voirie-deplacements@mairie-rueilmalmaison.fr";"06 49 07 75 36"
"Val-de-Marne (94)";"Saint-Maur-des-Fossés";76010;"EPT Paris Est Marne et Bois";"Pierre-Michel DELECROIX";"";"inprogress";"";"";""
"Seine-Saint-Denis (93)";"Noisy-le-Grand";71632;"EPT Grand Paris Grand Est";"Vincent MONNIER";"";"done";"BENTIN";"";"CM + bailleur"
"Seine-Saint-Denis (93)";"Drancy";71312;"EPT Paris Terres d'Envol";"Jean-Christophe LAGARDE";"";"done";"INEO";"";"CM"
"Val-d'Oise (95)";"Cergy";70906;"CA de Cergy-Pontoise";"Jean-Paul JEANDON";"agglo";"inprogress";"CITEOS, ENTRA ET SPIR CITY NETWORK";"";""
"Hauts-de-Seine (92)";"Issy-les-Moulineaux";68580;"EPT Grand Paris Seine Ouest";"André SANTINI";"";"done";"Bouygues energies et services / CITEOS";"";"CM"
"Hauts-de-Seine (92)";"Levallois-Perret";68009;"EPT Boucle Nord de Seine";"Agnès POTTIER-DUMAS";"commune";"done";"Bouygues";"01 47 15 32 41";"CM + Bailleur"
"Essonne (91)";"Évry-Courcouronnes";66700;"CA Grand Paris Sud";"Stéphane BEAUDET";"";"callback";"";"01 69 36 66 66 ; 0 800 710 562";"Grand Paris Sud"
"Hauts-de-Seine (92)";"Antony";64912;"EPT Vallée Sud Grand Paris";"Jean-Yves SÉNANT";"commune";"done";"SATELEC";"01 55 59 22 59 ; voirie@ville-antony.fr";"CM + Bailleur"
"Hauts-de-Seine (92)";"Clichy";64849;"EPT Boucle Nord de Seine";"Rémi MUZEAU";"";"inprogress";"06 19 17 94 58";"01 47 15 96 23 ; voirie@ville-clichy.fr";""
"Val-de-Marne (94)";"Joinville-le-Pont";64526;"EPT Paris Est Marne et Bois";"Francis SELLAM";"";"inprogress";"";"";""
"Seine-Saint-Denis (93)";"Pantin";60954;"EPT Est Ensemble";"Bertrand KERN";"";"todo";"";"";"13h30"
"Seine-Saint-Denis (93)";"Le Blanc-Mesnil";59912;"EPT Paris Terres d'Envol";"Demba TRAORE";"";"done";"Non, un renouvellement est en cours";"";"CM "
"Hauts-de-Seine (92)";"Neuilly-sur-Seine";59267;"EPT Paris Ouest La Défense";"Jean-Christophe FROMANTIN";"";"callback";"";"01 40 88 88 88";"14h"
"Val-d'Oise (95)";"Sarcelles";59173;"CA Roissy Pays de France";"Bassi KONATE";"";"todo";"";"";""
"Hauts-de-Seine (92)";"Clamart";58284;"EPT Grand Paris Seine Ouest";"Jean-Didier BERGER";"";"callback";"";"";"13h30"
"Val-de-Marne (94)";"Villejuif";58142;"EPT Grand-Orly Seine Bièvre";"Pierre GARZON";"";"inprogress";"";"";""
"Val-de-Marne (94)";"Maisons-Alfort";57422;"EPT Paris Est Marne et Bois";"Romain MARIA";"commune";"done";"SATELEC";"";"CM "
"Seine-et-Marne (77)";"Meaux";55616;"CC du Pays de l'Ourcq";"Jean-François COPE";"";"inprogress";"";"";""
"Seine-Saint-Denis (93)";"Bobigny";55270;"EPT Est Ensemble";"Abdel SADI";"";"done";"STELENS";"";""
"Seine-et-Marne (77)";"Chelles";54309;"CA Paris - Vallée de la Marne";"Brice RABASTE";"";"inprogress";"";"01 64 72 84 84";""
"Essonne (91)";"Corbeil-Essonnes";53712;"CA Grand Paris Sud";"Samira KETFI";"";"inprogress";"";"";""
"Seine-Saint-Denis (93)";"Épinay-sur-Seine";53564;"EPT Plaine Commune";"Hervé CHEVREAU";"";"inprogress";"";"01 87 01 87 87";"privé : plaine commune qui s'occupe"
"Seine-Saint-Denis (93)";"Saint-Ouen-sur-Seine";53041;"EPT Plaine Commune";"Karim BOUAMRANE";"";"todo";"";"01 87 01 87 87";"privé : plaine commune"
"Val-de-Marne (94)";"Fontenay-sous-Bois";52646;"EPT Paris Est Marne et Bois";"Jean-Philippe GAUTRAIS";"syndicat";"done";"CITEOS";"";"CM"
"Seine-Saint-Denis (93)";"Sevran";51640;"EPT Paris Terres d'Envol";"Stéphane BLANCHET";"";"done";" MGPE / EIFFAGE";"";""
"Yvelines (78)";"Sartrouville";51220;"CA Saint-Germain Boucles de Seine";"Pierre FOND";"";"callback";"";"01 30 86 39 00";""
"Seine-Saint-Denis (93)";"Bondy";51066;"EPT Est Ensemble";"Stephen HERVÉ";"";"done";"INSEE";"";"cm"
"Essonne (91)";"Massy";50962;"CA Communauté Paris-Saclay";"Nicolas SAMSOEN";"";"inprogress";"";"";"13h30"
"Val-de-Marne (94)";"Vincennes";49891;"EPT Paris Est Marne et Bois";"Charlotte LIBERT";"";"inprogress";"";"";""
"Hauts-de-Seine (92)";"Gennevilliers";49410;"EPT Boucle Nord de Seine";"Patrice LECLERC";"";"callback";"";"06 20 63 04 52";"15h"
"Hauts-de-Seine (92)";"Suresnes";49104;"EPT Paris Ouest La Défense";"Guillaume BOUDY";"";"callback";"envoyé un mail";"CM";"13h30"
"Hauts-de-Seine (92)";"Montrouge";47657;"EPT Vallée Sud Grand Paris";"Étienne LENGEREAU";"";"inprogress";"envoyé un mail";"01 46 12 76 76";""
"Seine-Saint-Denis (93)";"La Courneuve";47086;"EPT Plaine Commune";"Ali DIOUARA";"";"todo";"";"01 87 01 87 87";"privé plaine commune"
"Seine-Saint-Denis (93)";"Livry-Gargan";46507;"EPT Grand Paris Grand Est";"Pierre-Yves MARTIN";"";"done";"Eiffage ";"";"CM + Bailleur"
"Hauts-de-Seine (92)";"Meudon";46342;"EPT Grand Paris Seine Ouest";"Denis LARGHERO";"";"callback";"";"";"vend 8h30"
"Hauts-de-Seine (92)";"Bagneux";46183;"EPT Vallée Sud Grand Paris";"Hélène CILLIERES";"";"callback";"";"";"13h30"
"Val-de-Marne (94)";"Choisy-le-Roi";46122;"EPT Grand-Orly Seine Bièvre";"Tonino PANETTA";"commune";"done";"SATELEC";"";"CM 1 AN OU PLUS"
"Seine-Saint-Denis (93)";"Rosny-sous-Bois";45947;"EPT Grand Paris Grand Est";"Magalie THIBAULT";"";"done";"CITEOS";"espacespublics@rosnysousbois.fr";"CM + Bailleur"
"Seine-Saint-Denis (93)";"Noisy-le-Sec";45915;"EPT Est Ensemble";"Olivier SARRABEYROUSE";"";"inprogress";"";"voirie@noisylesec.fr ; genie@noisylesec.fr";""
"Val-de-Marne (94)";"Alfortville";45569;"EPT Grand-Orly Seine Bièvre";"Luc CARVOUNAS";"agglo";"todo";"DEPARTEMENT";"01 49 56 89 74";""
"Yvelines (78)";"Mantes-la-Jolie";44539;"CU Grand Paris Seine et Oise";"Adama GAYE";"";"done";"EIFFAGE = durée de 3 ans ";"";"CM + Pas de bailleur"
"Yvelines (78)";"Saint-Germain-en-Laye";44380;"CA Saint-Germain Boucles de Seine";"Arnaud PERICARD";"";"done";"Derichebourg";"";"CM + Bailleur"
"Hauts-de-Seine (92)";"Puteaux";43672;"EPT Paris Ouest La Défense";"Joëlle CECCALDI-RAYNAUD";"commune";"done";"DALKIA";"CM";""
"Seine-et-Marne (77)";"Melun";42367;"CA Coulommiers Pays de Brie";"Kadir MEBAREK";"commune";"done";"EQUANS";"";"Oui"
"Val-d'Oise (95)";"Garges-lès-Gonesse";41791;"CA Roissy Pays de France";"Benoît JIMENEZ";"";"todo";"";"";""
"Seine-Saint-Denis (93)";"Bagnolet";41776;"EPT Est Ensemble";"Edouard DENOUEL";"";"callback";"";"01 49 93 60 00";""
"Seine-Saint-Denis (93)";"Gagny";40790;"EPT Grand Paris Grand Est";"Rolin CRANOLY";"";"done";"Eiffage energie";"";"CM, gestion communale"
"Seine-Saint-Denis (93)";"Stains";40600;"EPT Plaine Commune";"Azzédine TAÏBI";"syndicat";"done";"N.C";"Bailleur";""
"Yvelines (78)";"Poissy";40016;"CU Grand Paris Seine et Oise";"Sandrine BERNO DOS SANTOS";"";"callback";"";"01 39 22 56 40";"Demain 9h30"
"Seine-Saint-Denis (93)";"Villepinte";39647;"EPT Paris Terres d'Envol";"Melissa YOUSSOUF";"";"inprogress";"";"01 41 52 53 00";""
"Seine-Saint-Denis (93)";"Neuilly-sur-Marne";38799;"EPT Grand Paris Grand Est";"Zartoshte BAKHTIARI";"";"callback";"";"01 43 08 96 96";"Rappeler Lundi "
"Seine-et-Marne (77)";"Pontault-Combault";38258;"CA Paris - Vallée de la Marne";"Gilles BORD";"";"todo";"";"";""
"Seine-Saint-Denis (93)";"Tremblay-en-France";38210;"EPT Paris Terres d'Envol";"Virgine DE CARVALHO";"";"done";"dalkaia";"";"CM + Bailleur"
"Val-d'Oise (95)";"Franconville";37754;"CA Val Parisis";"Xavier MELKI";"";"todo";"";"";""
"Essonne (91)";"Savigny-sur-Orge";37371;"CA Val d'Yerres Val de Seine";"Alexis TEILLET";"";"inprogress";"";"";""
"Hauts-de-Seine (92)";"Châtenay-Malabry";36535;"EPT Vallée Sud Grand Paris";"Carl SEGAUD";"";"callback";"";"site internet";"vallée sud grand paris"
"Essonne (91)";"Athis-Mons";36451;"EPT Grand-Orly Seine Bièvre";"Jean-Jacques GROUSSEAU";"";"callback";"";"01 78 18 22 24 : selectionnée éclairage";"CM / communauté orly seine ievre"
"Val-d'Oise (95)";"Bezons";36434;"EPT Boucle Nord de Seine";"Nessrine MENHAOURA";"commune";"inprogress";"INEO INFRASTRUCTURES";"";"16/01/2029"
"Hauts-de-Seine (92)";"Châtillon";36210;"EPT Vallée Sud Grand Paris";"Nadège AZZAZ";"";"callback";"";"";"13h30"
"Val-de-Marne (94)";"Villeneuve-Saint-Georges";36170;"EPT Grand-Orly Seine Bièvre";"Kristell NIASME";"";"inprogress";"";"";"15H10"
"Yvelines (78)";"Conflans-Sainte-Honorine";35926;"CU Grand Paris Seine et Oise";"Raphaël PRATS";"";"callback";"";"";""
"Essonne (91)";"Sainte-Geneviève-des-Bois";35846;"CA Cur d'Essonne";"Frédéric PETITTA";"";"callback";"";"01 69 72 26 02 ";"agglomération coeur d'essonne"
"Seine-Saint-Denis (93)";"Romainville";35314;"EPT Est Ensemble";"François DECHY";"";"callback";"";"01 49 15 55 00";""
"Essonne (91)";"Palaiseau";34893;"CA Communauté Paris-Saclay";"Grégoire DE LASTEYRIE";"";"inprogress";"";"";""
"Val-de-Marne (94)";"Le Perreux-sur-Marne";34654;"EPT Paris Est Marne et Bois";"Christel ROYER";"";"inprogress";"";"";""
"Yvelines (78)";"Les Mureaux";33977;"CU Grand Paris Seine et Oise";"Damien VIGNIER";"";"done";"Citeos ";"";"CM + Bailleur"
"Yvelines (78)";"Trappes";33717;"CA de Saint-Quentin-en-Yvelines";"Ali RABEH";"";"refused";"";"";""
"Seine-Saint-Denis (93)";"Pierrefitte-sur-Seine";33670;"EPT Plaine Commune";"Michel FOURCADE";"";"todo";"";"01 87 01 87 87";"privé : plaine commune"
"Yvelines (78)";"Houilles";33449;"CA Saint-Germain Boucles de Seine";"Romain BERTRAND";"";"callback";"";"";""
"Val-de-Marne (94)";"Nogent-sur-Marne";32998;"EPT Paris Est Marne et Bois";"Gilles HAGEGE";"commune";"done";"SATELEC";"";"CM 4 ANS"
"Val-de-Marne (94)";"Villiers-sur-Marne";32547;"EPT Paris Est Marne et Bois";"Jacques Alain BENISTI";"";"done";"COOPERATIVE ELECTRICITE VILLIERS (CEV)";"01 49 30 20 52";""
"Val-de-Marne (94)";"Thiais";32006;"EPT Grand-Orly Seine Bièvre";"Richard DELL'AGNOLA";"";"inprogress";"";"";""
"Val-d'Oise (95)";"Pontoise";31970;"CA de Cergy-Pontoise";"Stéphane VON EUW";"agglo";"inprogress";"CITEOS, ENTRA ET SPIR CITY NETWORK";"";""
"Val-d'Oise (95)";"Herblay-sur-Seine";31779;"CA Val Parisis";"Philippe ROULEAU";"";"todo";"";"";""
"Yvelines (78)";"Montigny-le-Bretonneux";31777;"CA de Saint-Quentin-en-Yvelines";"Lorrain MERCKAERT";"";"callback";"";"saint quentin en yvelines : 01 39 44 80 80";""
"Yvelines (78)";"Plaisir";31375;"CA de Saint-Quentin-en-Yvelines";"Sandrine CARNEIRO";"";"callback";"";"";""
"Val-de-Marne (94)";"Ivry-sur-Seine";31338;"EPT Grand-Orly Seine Bièvre";"Philippe BOUYSSOU";"commune";"done";"BOUYGUES ENERGIE";"";"CM"
"Val-d'Oise (95)";"Goussainville";31301;"CA Roissy Pays de France";"Abdelaziz HAMIDA";"";"todo";"";"";""
"Essonne (91)";"Viry-Châtillon";31112;"CA Grand Paris Sud";"Jérôme BÉRANGER";"";"callback";"";"01 78 18 22 24";"CM / communauté orly seine ievre"
"Essonne (91)";"Vigneux-sur-Seine";31050;"CA Val d'Yerres Val de Seine";"Thomas CHAZAL";"";"done";"Eiffage";"01 69 83 56 00";"Contrat type MPE"
"Yvelines (78)";"Le Chesnay-Rocquencourt";30924;"CA Versailles Grand Parc";"Anne PÈRE-BRILLAULT";"";"done";"INEO";"";"CM et Bailleur"
"Val-de-Marne (94)";"Cachan";30526;"EPT Grand-Orly Seine Bièvre";"Hélène DE COMARMOND";"";"inprogress";"";"";""
"Seine-et-Marne (77)";"Savigny-le-Temple";30510;"CA Grand Paris Sud";"Marie-Line PICHERY";"";"inprogress";"";"01 69 91 58 58";"GRAND PARIS SUD"
"Hauts-de-Seine (92)";"Malakoff";30292;"EPT Vallée Sud Grand Paris";"Sonia FIGUERES";"";"callback";"";"";"vend 8h30"
"Val-d'Oise (95)";"Villiers-le-Bel";30053;"CA Roissy Pays de France";"Djida TECHTACH";"";"todo";"";"";""
"Seine-Saint-Denis (93)";"Villemomble";29973;"EPT Grand Paris Grand Est";"Patrice CALMÉJANE";"";"inprogress";"";"";""
"Hauts-de-Seine (92)";"La Garenne-Colombes";29932;"EPT Paris Ouest La Défense";"Philippe JUVIN";"";"callback";"";"";"13h30"
"Hauts-de-Seine (92)";"Bois-Colombes";29913;"EPT Boucle Nord de Seine";"Pierre CROSNIER LECONTE";"";"inprogress";"";"";"13h30"
"Essonne (91)";"Ris-Orangis";29825;"CA Grand Paris Sud";"Sonia BENAMEUR";"";"inprogress";"";"";""
"Essonne (91)";"Draveil";29824;"CA Val d'Yerres Val de Seine";"Anne-Marie JOURDANNEAU-FORT";"";"done";"SATELEC";"";"CM "
"Hauts-de-Seine (92)";"Saint-Cloud";29727;"EPT Grand Paris Seine Ouest";"Éric BERDOATI";"";"inprogress";"envoyé un mail";"";"espacepublic@saintcloud.fr"
"Yvelines (78)";"Chatou";29649;"CA Saint-Germain Boucles de Seine";"Eric DUMOULIN";"";"callback";"";"01 34 80 46 00";"Demain "
"Seine-Saint-Denis (93)";"Clichy-sous-Bois";29551;"EPT Grand Paris Grand Est";"Olivier KLEIN";"";"inprogress";"";"01 41 70 36 00";""
"Val-d'Oise (95)";"Ermont";29489;"CA Val Parisis";"Xavier HAQUIN";"";"todo";"";"0 801 23 05 15";"CAVP"
"Yvelines (78)";"Guyancourt";29406;"CA de Saint-Quentin-en-Yvelines";"François MORTON";"";"inprogress";"";"";""
"Val-de-Marne (94)";"Fresnes";29298;"EPT Grand-Orly Seine Bièvre";"Christophe CARLIER";"";"inprogress";"";"";""
"Hauts-de-Seine (92)";"Le Plessis-Robinson";29228;"EPT Vallée Sud Grand Paris";"Philippe PEMEZEC";"commune";"done";"bouygues / perideral";"cm + prestaire";"13h"
"Val-de-Marne (94)";"Charenton-le-Pont";28756;"EPT Paris Est Marne et Bois";"Hervé GICQUEL";"commune";"done";"EQUANS; ENEDIS";"";"CM "
"Essonne (91)";"Yerres";28349;"CA Val d'Yerres Val de Seine";"Nicolas DUPONT-AIGNANT";"";"inprogress";"";"";""
"Seine-Saint-Denis (93)";"Montfermeil";28257;"EPT Grand Paris Grand Est";"Xavier LEMOINE";"";"callback";"";"";""
"Hauts-de-Seine (92)";"Vanves";28014;"EPT Grand Paris Seine Ouest";"Bernard GAUDUCHEAU";"agglo";"done";"GPSEO";"0800 18 21 ";"RAPPELER COMME MEME"
"Val-de-Marne (94)";"Limeil-Brévannes";27806;"EPT Grand Paris Sud Est Avenir";"Françoise LECOUFLE";"";"inprogress";"";"";""
"Val-d'Oise (95)";"Gonesse";27707;"CA Roissy Pays de France";"Cédric SABOURET";"";"todo";"";"";""
"Val-d'Oise (95)";"Taverny";27593;"CA Val Parisis";"Florence PORTELLI";"";"todo";"";"";""
"Val-de-Marne (94)";"Sucy-en-Brie";27593;"EPT Grand Paris Sud Est Avenir";"David PERRE";"commune";"done";"SATELEC";"";"CM : 2034"
"Val-d'Oise (95)";"Cormeilles-en-Parisis";27292;"CA Val Parisis";"Yannick BOËDEC";"";"todo";"";"";""
"Essonne (91)";"Grigny";27257;"CA Grand Paris Sud";"Philippe RIO";"";"done";"BOUYGUES";"01 70 58 93 22 ; 01 69 71 11 50 ";"CM ; GRAND PARIS SUD"
"Val-d'Oise (95)";"Sannois";26924;"CA Val Parisis";"Nicolas PONCHEL";"";"todo";"";"";""
"Seine-et-Marne (77)";"Villeparisis";26822;"CA Roissy Pays de France";"Frederic BOUCHE";"";"done";"Eiffage";"";"CM"
"Yvelines (78)";"Rambouillet";26816;"CA Rambouillet Territoires";"Véronique MATILLON";"";"done";"Satelec";"";"CM"
"Essonne (91)";"Brétigny-sur-Orge";26658;"CA Cur d'Essonne";"Nicolas MÉARY";"";"callback";"";"01 69 72 26 02 ";"Coeur de l'Essonne"
"Essonne (91)";"Étampes";26601;"CA Étampois Sud-Essonne";"Gilles BAYART";"";"inprogress";"";"01 88 07 01 39";"mr Bene"
"Seine-et-Marne (77)";"Bussy-Saint-Georges";26571;"CA Marne et Gondoire";"Yann DUBOSC";"";"inprogress";"";"";""
"Val-d'Oise (95)";"Eaubonne";26211;"CA Val Parisis";"Marie-José BEAULANDE";"";"todo";"";"";""
"Yvelines (78)";"Élancourt";26082;"CA de Saint-Quentin-en-Yvelines";"Jean-Michel FOURGOUS";"";"callback";"";"0101 39 44 80 80";"st en yvelines"
"Essonne (91)";"Brunoy";25792;"CA Val d'Yerres Val de Seine";"Bruno GALLIER";"";"inprogress";"";"";""
"Seine-et-Marne (77)";"Champs-sur-Marne";25695;"CA Paris - Vallée de la Marne";"Michel COLAS";"";"done";"Eiffage";"";"CM"
"Val-d'Oise (95)";"Saint-Ouen-l'Aumône";25578;"CA de Cergy-Pontoise";"Laurent LINQUETTE";"agglo";"inprogress";"CITEOS, ENTRA ET SPIR CITY NETWORK";"";""
"Hauts-de-Seine (92)";"Villeneuve-la-Garenne";25371;"EPT Boucle Nord de Seine";"Pascal PELAIN";"";"callback";"";"";"vend 8h30"
"Essonne (91)";"Les Ulis";25253;"CA Communauté Paris-Saclay";"Clovis CASSAN";"";"inprogress";"";"";""
"Seine-Saint-Denis (93)";"Les Pavillons-sous-Bois";24872;"EPT Grand Paris Grand Est";"Philippe DALLIER";"";"inprogress";"";"";""
"Hauts-de-Seine (92)";"Fontenay-aux-Roses";24772;"EPT Vallée Sud Grand Paris";"Pauline LE FUR";"";"callback";"";"vend 8h30";"Privé : vallée sud grand paris "
"Val-de-Marne (94)";"Orly";24488;"EPT Grand-Orly Seine Bièvre";"Imène SOUID";"";"inprogress";"";"";""
"Essonne (91)";"Montgeron";23800;"CA Val d'Yerres Val de Seine";"Sylvie CARILLON";"";"done";"Satelec";"";"CM ; SIPPEREC "
"Val-de-Marne (94)";"L'Haÿ-les-Roses";23678;"EPT Grand-Orly Seine Bièvre";"Clément DECROUY";"";"inprogress";"";"";""
"Seine-et-Marne (77)";"Roissy-en-Brie";23521;"CA Paris - Vallée de la Marne";"François BOUCHART";"";"done";"BIR";"01 64 43 15 00";"CM"
"Seine-Saint-Denis (93)";"Les Lilas";23262;"EPT Est Ensemble";"Lionel BENHAROUS";"";"done";"spie";"";""
"Val-d'Oise (95)";"Deuil-la-Barre";23099;"CA Plaine Vallée";"Muriel SCOLAN";"";"todo";"";"";""
"Yvelines (78)";"Maisons-Laffitte";23080;"CA Saint-Germain Boucles de Seine";"Arthur DEHAENE";"";"callback";"";"01 34 93 12 47";"Demain matin : 8h30"
"Seine-et-Marne (77)";"Dammarie-les-Lys";22845;"CA Melun Val de Seine";"Véronique VEAU";"commune";"done";"SOBECA ";"01 64 37 88 44";"bali pour la gestion de l'EP"
"Yvelines (78)";"Vélizy-Villacoublay";22713;"CA Versailles Grand Parc";"Pascal THÉVENOT";"";"inprogress";"";"";""
"Hauts-de-Seine (92)";"Sèvres";22618;"EPT Grand Paris Seine Ouest";"Grégoire DE LA RONCIÈRE";"";"inprogress";"";"voirie@ville-sevres.fr";"13h30"
"Val-d'Oise (95)";"Montigny-lès-Cormeilles";22457;"CA Val Parisis";"Miloud GOUAL";"";"todo";"";"";""
"Seine-et-Marne (77)";"Torcy";22444;"CA Paris - Vallée de la Marne";"Guillaume LE LAY-FELZINE";"";"done";"Eiffage";"";"CM"
"Essonne (91)";"Gif-sur-Yvette";22352;"CA Communauté Paris-Saclay";"Yann CAUCHETIER";"";"inprogress";"";"";""
"Seine-et-Marne (77)";"Montereau-Fault-Yonne";22259;"CC Pays de Montereau";"James CHÉRON";"";"inprogress";"";"";""
"Seine-et-Marne (77)";"Combs-la-Ville";22240;"CA Grand Paris Sud";"Guy GEOFFROY";"agglo";"done";"";"";"Grand Paris Sud"
"Seine-Saint-Denis (93)";"Neuilly-Plaisance";21914;"EPT Grand Paris Grand Est";"Christian DEMUYNCK";"";"inprogress";"";"";""
"Val-de-Marne (94)";"Arcueil";21868;"EPT Grand-Orly Seine Bièvre";"Sophie PASCAL-LERICQ";"";"inprogress";"";"";""
"Val-d'Oise (95)";"Montmorency";21763;"CA Plaine Vallée";"Maxime THORY";"";"todo";"";"";""
"Hauts-de-Seine (92)";"Bourg-la-Reine";21576;"EPT Vallée Sud Grand Paris";"Jean-Noël CHEVREAU";"";"callback";"";"";"vend 8h30"
"Essonne (91)";"Saint-Michel-sur-Orge";21437;"CA Cur d'Essonne";"Sophie RIGAULT";"";"inprogress";"";"";""
"Yvelines (78)";"Mantes-la-Ville";21376;"CU Grand Paris Seine et Oise";"Sami DAMERGY";"";"callback";"";"01 30 98 55 49";""
"Yvelines (78)";"Achères";21368;"CU Grand Paris Seine et Oise";"François DAZELLE";"";"callback";"";"01 39 79 64 00";""
"Val-d'Oise (95)";"Saint-Gratien";21336;"CA Plaine Vallée";"Julien BACHARD";"";"todo";"";"";""
"Val-de-Marne (94)";"Saint-Mandé";21223;"EPT Paris Est Marne et Bois";"Julien WEIL";"";"callback";"";"";""
"Seine-et-Marne (77)";"Lagny-sur-Marne";21191;"CC du Provinois";"Jean-Paul MICHEL";"";"done";"Dalkia electrotechnics";"";"CM"
"Val-de-Marne (94)";"Le Plessis-Trévise";21096;"EPT Grand Paris Sud Est Avenir";"Alexis MARECHAL";"";"inprogress";"";"";""
"Yvelines (78)";"Saint-Cyr-l'École";20971;"CA Versailles Grand Parc";"Sonia BRAU";"";"done";"EIFFAGE ";"";"CM + Bailleur"
"Hauts-de-Seine (92)";"Chaville";20904;"EPT Grand Paris Seine Ouest";"Thierry BESANÇON";"";"done";"";"GPSEO";"13h30"
"Val-de-Marne (94)";"Villeneuve-le-Roi";20871;"EPT Grand-Orly Seine Bièvre";"Didier GONZALES";"";"inprogress";"";"";""
"Essonne (91)";"Morsang-sur-Orge";20785;"CA Grand Paris Sud";"Marianne DURANTON";"";"callback";"";"01 69 25 39 00";"CM"
"Val-de-Marne (94)";"Le Kremlin-Bicêtre";20784;"EPT Grand-Orly Seine Bièvre";"Lionel ZINCIROGLU";"";"inprogress";"";"";""
"Seine-et-Marne (77)";"Ozoir-la-Ferrière";20692;"CC les Portes Briardes Entre Villes et Forêts";"Laëtitia DEVRIENDT";"commune";"done";"BOUYGUES ENERGIES & SERVICES, STPEE";"";"CM "
"Seine-et-Marne (77)";"Mitry-Mory";20627;"CC Pays de Montereau";"Charlotte BLANDIOT-FARIDE";"";"inprogress";"";"01 64 67 61 60";"regie communale electricité (rceem)"
"Essonne (91)";"Longjumeau";20620;"CA Cur d'Essonne";"Sandrine GELOT";"";"done";"Bouygues telecom ";"";"CM"
"Hauts-de-Seine (92)";"Sceaux";20488;"EPT Vallée Sud Grand Paris";"Philippe LAURENT";"";"callback";"";"";"vend 8h30"
"Yvelines (78)";"La Celle-Saint-Cloud";20476;"CA Versailles Grand Parc";"Richard LEJEUNE";"";"callback";"";"01 30 78 15 12";""
"Seine-et-Marne (77)";"Le Mée-sur-Seine";20207;"CA du Pays de Meaux";"Franck VERNIN";"";"done";"ALTI ELECT et EDF";"01 64 14 45 45";"CM = uniquement eclairage public"
"Essonne (91)";"Chilly-Mazarin";19981;"EPT Grand-Orly Seine Bièvre";"Rafika REZGUI";"";"callback";"";"01 69 10 37 00";""
"Val-de-Marne (94)";"Chevilly-Larue";19813;"EPT Grand-Orly Seine Bièvre";"Stéphanie DAUMIN";"commune";"done";"BIR";"";"CM"
"Seine-et-Marne (77)";"Brie-Comte-Robert";19213;"CA Grand Paris Sud";"Yves GRANNOLIO";"";"done";"BIR";"";"Contrat performance energetique"
"Val-de-Marne (94)";"Gentilly";18883;"EPT Grand-Orly Seine Bièvre";"Fatah AGGOUNE";"";"inprogress";"";"";""
"Yvelines (78)";"Maurepas";18611;"CA de Saint-Quentin-en-Yvelines";"Grégory GARESTIER";"";"callback";"";"01 39 44 80 80";"saint quentin yvelines"
"Val-d'Oise (95)";"Éragny-sur-Oise";18436;"CA de Cergy-Pontoise";"Thibault HUMBERT";"agglo";"inprogress";"CITEOS, ENTRA ET SPIR CITY NETWORK";"";""
"Essonne (91)";"Juvisy-sur-Orge";18424;"EPT Grand-Orly Seine Bièvre";"Lamia BENSARSA REDA";"";"callback";"";"01 69 12 50 00";""
"Val-de-Marne (94)";"Bonneuil-sur-Marne";18340;"EPT Grand Paris Sud Est Avenir";"Denis OZTORUN";"commune";"done";"CITEOS; SEGELEC";"";"CM "
"Yvelines (78)";"Carrières-sous-Poissy";18316;"CU Grand Paris Seine et Oise";"Eddie AÏT";"";"inprogress";"";"";""
"Val-de-Marne (94)";"Chennevières-sur-Marne";18295;"EPT Grand Paris Sud Est Avenir";"Laurence GRANDJEAN";"commune";"done";"SATELEC";"";"CM"
"Seine-et-Marne (77)";"Moissy-Cramayel";18248;"CC Brie des Rivières et Châteaux";"Line MAGNE";"";"inprogress";"";"01 69 91 58 58";"GRAND PARIS SUD"
"Val-de-Marne (94)";"Bry-sur-Marne";18095;"EPT Paris Est Marne et Bois";"Charles ASLANGUL";"";"inprogress";"";"";""
"Val-d'Oise (95)";"Soisy-sous-Montmorency";18008;"CA Plaine Vallée";"Nicolas NAUDET";"";"todo";"";"";""
"Val-d'Oise (95)";"Osny";17954;"CA de Cergy-Pontoise";"Laurent ARCHITE-HENNI";"agglo";"inprogress";"CITEOS, ENTRA ET SPIR CITY NETWORK";"";""
"Hauts-de-Seine (92)";"Garches";17898;"EPT Grand Paris Seine Ouest";"Jeanne BÉCHART";"";"inprogress";"";"servicestechniques@garches.fr";"13h"
"Val-d'Oise (95)";"Jouy-le-Moutier";17854;"CA de Cergy-Pontoise";"Hervé FLORCZAK";"agglo";"inprogress";"CITEOS, ENTRA ET SPIR CITY NETWORK";"";""
"Yvelines (78)";"Limay";17626;"CU Grand Paris Seine et Oise";"Djamel NEDJAR";"";"callback";"";"01 34 97 27 27";""
"Val-de-Marne (94)";"Boissy-Saint-Léger";17335;"EPT Grand Paris Sud Est Avenir";"Régis CHARBONNIER";"commune";"done";"SATELEC";"";"CM LONG MARCHÉ DURÉE 5-7 ANS"
"Yvelines (78)";"Les Clayes-sous-Bois";17237;"CA Versailles Grand Parc";"Philippe GUIGUEN";"";"done";"fournisseur : enedis ";"01 39 44 80 80";"saint quentin en yvelines"
"Yvelines (78)";"Viroflay";16960;"CA Versailles Grand Parc";"Olivier LEBRUN";"";"callback";"";"01 39 24 28 28";""
"Seine-Saint-Denis (93)";"Le Pré-Saint-Gervais";16733;"EPT Est Ensemble";"Laurent BARON";"";"done";"eiffage";"";""
"Yvelines (78)";"Marly-le-Roi";16531;"CA Saint-Germain Boucles de Seine";"Jérôme VERDIN";"";"todo";"";"";""
"Val-d'Oise (95)";"Saint-Leu-la-Forêt";16138;"CA Val Parisis";"Loïc VIDAL";"";"todo";"";"";""
"Val-d'Oise (95)";"Vauréal";16079;"CA de Cergy-Pontoise";"Raphael LANTERI";"agglo";"inprogress";"CITEOS, ENTRA ET SPIR CITY NETWORK";"";""
"Val-d'Oise (95)";"Domont";16065;"CA Plaine Vallée";"Frédéric BOURDIN";"";"todo";"";"";""
"Essonne (91)";"Orsay";16007;"CA Communauté Paris-Saclay";"Rémi DARMON";"";"callback";"";"01 60 92 80 00";""
"Seine-et-Marne (77)";"Fontainebleau";15945;"CA du Pays de Fontainebleau";"Julien GONDARD";"";"done";"Eiffage";"";"CM"
"Yvelines (78)";"Verneuil-sur-Seine";15914;"CU Grand Paris Seine et Oise";"Fabien AUFRECHTER";"";"inprogress";"";"";""
"Yvelines (78)";"Le Pecq";15832;"CA Saint-Germain Boucles de Seine";"Anne-Laure DE BROSSES";"";"done";"Citeos ";"";"CM + Bailleur "
"Essonne (91)";"Mennecy";15711;"CC du Val d'Essonne";"Jean-Philippe DUGOIN-CLEMENT";"";"callback";"";"01 69 90 80 30";""
"Yvelines (78)";"Le Vésinet";15646;"CA Saint-Germain Boucles de Seine";"Thibault GRIPOIX";"";"inprogress";"";"";""
"Seine-et-Marne (77)";"Noisiel";15461;"CA Paris - Vallée de la Marne";"Mathieu VISKOVIC";"";"inprogress";"";"";""
"Yvelines (78)";"Bois-d'Arcy";15435;"CA Versailles Grand Parc";"Philippe BENASSAYA";"";"callback";"";"01 30 45 83 83";"Demain à 9h"
"Seine-et-Marne (77)";"Coulommiers";15250;"CA Coulommiers Pays de Brie";"Franck RIESTER";"";"done";"";"";"c'est eu qui s'en charge : service agent des municipaux"
"Val-d'Oise (95)";"Montmagny";15105;"CA Plaine Vallée";"Belkacem CHIKH";"";"todo";"";"";""
"Val-d'Oise (95)";"Saint-Brice-sous-Forêt";15063;"CA Plaine Vallée";"Virgine PREHOUBERT";"";"todo";"";"";""
"Seine-Saint-Denis (93)";"Le Bourget";15052;"EPT Paris Terres d'Envol";"Mehdi NEZZAR";"";"done";"ERIMARCHER";"01 48 38 82 80";""
"Yvelines (78)";"Carrières-sur-Seine";15038;"CA Saint-Germain Boucles de Seine";"Arnaud DE BOURROUSSE";"";"callback";"";"01 39 57 15 53";"Rappele Ajd 16h30"
"Val-d'Oise (95)";"Arnouville";15023;"CA Roissy Pays de France";"Pascal DOLL";"";"todo";"";"";""
"Seine-Saint-Denis (93)";"Le Raincy";14778;"EPT Grand Paris Grand Est";"Nicolas RONDEPIERRE";"";"done";"KOMPASS";"";"cm"
"Seine-et-Marne (77)";"Lognes";14650;"CC du Pays de l'Ourcq";"Nicolas DELAUNAY";"";"done";"Eiffage ";"";"CM"
"Essonne (91)";"Verrières-le-Buisson";14597;"CA Communauté Paris-Saclay";"François Guy TRÉBULLE";"";"callback";"";"01 69 53 78 00";""
"Seine-et-Marne (77)";"Saint-Fargeau-Ponthierry";14516;"CA Melun Val de Seine";"Séverine FELIX-BORON";"commune";"done";"EIFFAGE ENERGIE";"";"Marché à performance énergétique avec renovation du parc et entretien /maintenance des installations"
"Yvelines (78)";"Montesson";14511;"CA Saint-Germain Boucles de Seine";"Antoine LEMAIRE";"";"inprogress";"";"";""
"Val-de-Marne (94)";"Valenton";14453;"EPT Grand-Orly Seine Bièvre";"Metin YAVUZ";"";"inprogress";"";"";""
"Val-de-Marne (94)";"Saint-Maurice";14411;"EPT Paris Est Marne et Bois";"Igor SEMO";"";"inprogress";"";"";""
"Val-d'Oise (95)";"Persan";14359;"CC Carnelle Pays-de-France";"Valentin RATIEUVILLE";"";"todo";"";"";""
"Seine-et-Marne (77)";"Montévrain";13934;"CA Marne et Gondoire";"Olivier PAJOT";"";"done";"Eiffage energie";"";""
"Essonne (91)";"Fleury-Mérogis";13816;"CA Cur d'Essonne";"Yahaya SOUKOUNA";"";"refused";"";"01 69 46 72 00";""
"Seine-et-Marne (77)";"Lieusaint";13808;"CA Coulommiers Pays de Brie";"Michel BISSON";"agglo";"done";"";"";"Grand Paris Sud"
"Essonne (91)";"Morangis";13773;"EPT Grand-Orly Seine Bièvre";"Brigitte VERMILLET";"";"callback";"";"";""
"Seine-et-Marne (77)";"Avon";13526;"CA du Pays de Fontainebleau";"Marie-Charlotte NOUHAUD";"";"done";"Eiffage";"";"CM"
"Seine-et-Marne (77)";"Vaires-sur-Marne";13518;"CA Paris - Vallée de la Marne";"Daniel WATHLÉ";"";"done";"Eiffage";"";"CM"
"Yvelines (78)";"Fontenay-le-Fleury";13455;"CA Versailles Grand Parc";"Richard RIVAUD";"";"inprogress";"";"";""
"Yvelines (78)";"Andrésy";13230;"CU Grand Paris Seine et Oise";"Jean-Pierre DOS SANTOS";"";"refused";"confidentiel";"";"CM + marché public"
"Seine-et-Marne (77)";"Nemours";13189;"CC Pays de Nemours";"Valérie LACROUTE";"";"inprogress";"";"";""
"Seine-et-Marne (77)";"Moret-Loing-et-Orvanne";12581;"CC Moret Seine et Loing";"Dikran ZAKEOSSIAN";"";"inprogress";"";"";""
"Val-d'Oise (95)";"Louvres";12560;"CA Roissy Pays de France";"Eddy THOREAU";"";"todo";"";"";""
"Val-d'Oise (95)";"L'Isle-Adam";12492;"CC Sausseron Impressionnistes";"Sébastien PONIATOWSKI";"";"todo";"";"";""
"Seine-Saint-Denis (93)";"Villetaneuse";12432;"EPT Plaine Commune";"Dieunor EXCELLENT";"";"done";"SDAL";"01 87 01 87 87";"privé : plaine commune"
"Yvelines (78)";"Triel-sur-Seine";12388;"CU Grand Paris Seine et Oise";"Cedric AOUN";"";"callback";"";"01 39 70 22 00";"Demain "
"Yvelines (78)";"Aubergenville";12317;"CU Grand Paris Seine et Oise";"Virgine MEUNIER";"";"callback";"";"";""
"Seine-et-Marne (77)";"Claye-Souilly";12282;"CA Roissy Pays de France";"Jean-Luc SERVIERES";"commune";"done";"Eiffage Energie";"";"CM avec SDESM"
"Val-de-Marne (94)";"La Queue-en-Brie";12074;"EPT Grand Paris Sud Est Avenir";"Karine BASTIER";"";"inprogress";"";"ctm@laqueueenbrie.fr";""
"Seine-et-Marne (77)";"Provins";11958;"CC du Provinois";"Olivier LAVENKA";"";"inprogress";"";"";""
"Essonne (91)";"Épinay-sous-Sénart";11783;"CA Val d'Yerres Val de Seine";"Damien ALLOUCH";"";"done";"citéos ";"";"CM"
"Seine-Saint-Denis (93)";"Dugny";11723;"EPT Paris Terres d'Envol";"Quentin GESELL";"";"refused";"";"";"privé "
"Essonne (91)";"Saint-Pierre-du-Perray";11680;"CA Grand Paris Sud";"Dominique VEROTS";"";"inprogress";"";"";""
"Val-de-Marne (94)";"Villecresnes";11650;"EPT Grand Paris Sud Est Avenir";"Stéphane RABANY";"";"inprogress";"";"";""
"Essonne (91)";"Arpajon";11503;"CA Cur d'Essonne";"Isabelle PERDEREAU";"";"callback";"";"";"Centre agglomeration"
"Val-d'Oise (95)";"Enghien-les-Bains";11432;"CA Plaine Vallée";"Philippe SUEUR";"";"todo";"";"";""
"Essonne (91)";"Saint-Germain-lès-Arpajon";11305;"CA Cur d'Essonne";"Christian KERVAZO";"";"callback";"";"01 69 72 18 00";"Coeur agglomeration Essonne"
"Seine-et-Marne (77)";"Dammartin-en-Goële";11272;"CA Roissy Pays de France";"Stéphane JABUT";"";"inprogress";"";"";""
"Seine-et-Marne (77)";"Vaux-le-Pénil";11174;"CC Brie des Rivières et Châteaux";"Nathalie BEAULNES-SERENI";"";"done";"Societe SOBECA";"";"CM"
"Yvelines (78)";"Villepreux";11150;"CA Versailles Grand Parc";"Jean-Baptiste HAMONIC";"";"callback";"";"01 39 44 80 80";"Gerer par saint quentin en yvelines"
"Seine-et-Marne (77)";"Cesson";11140;"CA Grand Paris Sud";"Olivier CHAPLET";"agglo";"done";"";"0 800 328 800";"Grand Paris Sud"
"Essonne (91)";"Dourdan";11068;"CC du Dourdannais en Hurepoix";"Paolo DE CARVALHO";"";"callback";"";"";""
"Essonne (91)";"Bondoufle";10833;"CA Cur d'Essonne";"Vivien LEROY";"";"callback";"";"0 800 97 91 91";"Grand paris sud "
"Yvelines (78)";"Chanteloup-les-Vignes";10735;"CU Grand Paris Seine et Oise";"Catherine ARENOU";"";"callback";"";"01 34 01 10 50";"Demain = 9h "
"Yvelines (78)";"Voisins-le-Bretonneux";10721;"CA Versailles Grand Parc";"Alexandra ROSETTI";"";"callback";"";"01 30 48 58 68";"Demain matin = 8h30"
"Hauts-de-Seine (92)";"Ville-d'Avray";10694;"EPT Grand Paris Seine Ouest";"Aline DE MARCILLAC";"";"inprogress";"";"";"13h30"
"Essonne (91)";"Épinay-sur-Orge";10626;"CA Cur d'Essonne";"Mélanie DORLENCOURT";"";"inprogress";"";"";""
"Val-de-Marne (94)";"Ormesson-sur-Marne";10589;"EPT Grand Paris Sud Est Avenir";"Marie-Christine SÉGUI";"";"inprogress";"";"";""
"Val-d'Oise (95)";"Fosses";10570;"CA Roissy Pays de France";"Jacqueline HAESINGER";"";"todo";"";"";""
"Seine-et-Marne (77)";"Thorigny-sur-Marne";10405;"CA Marne et Gondoire";"Bouchra FENZAR-RIZKI";"";"done";"DERICHEBOURG";"";"CM"
"Yvelines (78)";"Croissy-sur-Seine";10399;"CA Saint-Germain Boucles de Seine";"Jean-Roger DAVIN";"";"callback";"";"";""
"Essonne (91)";"Villebon-sur-Yvette";10322;"CA Communauté Paris-Saclay";"Victor DA SILVA";"";"inprogress";"";"";""
"Val-d'Oise (95)";"Beaumont-sur-Oise";10232;"CC Carnelle Pays-de-France";"Jean-Michel APARICIO";"";"todo";"";"";""
"Essonne (91)";"Igny";10213;"CA Communauté Paris-Saclay";"Francisque VIGOUROUX";"";"callback";"";"";"Communauté agglomeration Paris Chatelet"
"Val-d'Oise (95)";"Pierrelaye";10130;"CA Val Parisis";"Eric BOSC";"";"todo";"";"";""
"Yvelines (78)";"Vernouillet";10025;"CU Grand Paris Seine et Oise";"Pascal COLLADO";"";"inprogress";"";"";"CM + Bailleur "
"Val-d'Oise (95)";"Méry-sur-Oise";9983;"CA de Cergy-Pontoise";"Pierre-Édouard EON";"";"todo";"";"";"PAS DANS CETTE AGLO"
"Val-d'Oise (95)";"Ézanville";9858;"CA Plaine Vallée";"Eric BATTAGLIA";"";"todo";"";"";""
"Val-d'Oise (95)";"Beauchamp";9849;"CA Val Parisis";"Françoise NORDMANN";"";"todo";"";"";""
"Seine-et-Marne (77)";"La Ferté-sous-Jouarre";9714;"CA Coulommiers Pays de Brie";"Ugo PEZZETTA";"";"done";"CITEOS";"";"CM marché public de 4 ans "
"Seine-et-Marne (77)";"Serris";9706;"CA Val d'Europe Agglomération";"Philippe DESCROUET";"";"done";"Eiffage energie";"";"CM"
"Essonne (91)";"Crosne";9606;"CA Val d'Yerres Val de Seine";"Michael DAMIATI";"";"inprogress";"";"";""
"Essonne (91)";"Bures-sur-Yvette";9481;"CA Communauté Paris-Saclay";"Jean-François VIGIER";"";"inprogress";"";"";""
"Essonne (91)";"Quincy-sous-Sénart";9477;"CA Val d'Yerres Val de Seine";"Christine GARNIER";"";"inprogress";"";"";""
"Yvelines (78)";"Magny-les-Hameaux";9385;"CA de Saint-Quentin-en-Yvelines";"Pierre-Louis BRIÈRE";"";"done";"STELENS";"";""
"Seine-et-Marne (77)";"Magny-le-Hongre";9064;"CC Pays de Nemours";"Véronique FLAMENT-BJARSTAL";"";"done";"Teridéal ";"";"CM"
"Yvelines (78)";"Meulan-en-Yvelines";9041;"CU Grand Paris Seine et Oise";"Cécile ZAMMIT-POPESCU";"";"inprogress";"";"";"mairie@ville-meulan.fr ; servicestechniques@ville-meulan.fr"
"Yvelines (78)";"Bougival";9031;"CA Versailles Grand Parc";"Nathalie JAQUEMET";"";"done";"INEO";"";""
"Essonne (91)";"Breuillet";9023;"CA Cur d'Essonne";"Bernard SPROTTI";"agglo";"done";"ENEDIS";"Bailleur";""
"Seine-et-Marne (77)";"Nangis";8898;"CC Brie Nangissienne";"Clotilde LAGOUTTE";"";"done";"Eiffage ";"01 64 60 52 04";"CM"
"Val-d'Oise (95)";"Bessancourt";8869;"CA Val Parisis";"Laurianne DUGLÉ DANGUILHEN";"";"todo";"";"";""
"Seine-et-Marne (77)";"Vert-Saint-Denis";8822;"CA Grand Paris Sud";"Didier EUDE";"";"callback";"";"services.urbains@grandparissud.fr";"Grand Paris Sud"
"Seine-Saint-Denis (93)";"L'Île-Saint-Denis";8682;"EPT Plaine Commune";"Mohamed GNABALY";"";"done";"eiffage";"01 49 22 11 00";"Rappeler Lundi"
"Essonne (91)";"Montlhéry";8670;"CA Cur d'Essonne";"Jérôme BERTIN";"";"callback";"";"";"Mercredi 8h"
"Hauts-de-Seine (92)";"Vaucresson";8566;"EPT Grand Paris Seine Ouest";"Véronique JACQUELINE-COLAS";"";"done";"Societe SEIP (groupe stelens)";"";"CM + bailleur"
"Seine-et-Marne (77)";"Gretz-Armainvilliers";8556;"CA Roissy Pays de France";"Jean-Paul GARCIA ROBIN";"";"inprogress";"";"";""
"Val-d'Oise (95)";"Le Plessis-Bouchard";8518;"CA Val Parisis";"Régis PAIN";"";"todo";"";"";""
"Val-d'Oise (95)";"Groslay";8453;"CA Plaine Vallée";"François JEFFROY";"";"todo";"";"";""
"Essonne (91)";"Marcoussis";8430;"CA Cur d'Essonne";"Olivier THOMAS";"";"done";"Stelens";"";"CM"
"Seine-et-Marne (77)";"Tournan-en-Brie";8340;"CC les Portes Briardes Entre Villes et Forêts";"Laurent GAUTIER";"";"inprogress";"";"";""
"Essonne (91)";"La Ville-du-Bois";8080;"CA Cur d'Essonne";"Grégory NOFERI";"";"inprogress";"";"";""
"Essonne (91)";"Boussy-Saint-Antoine";7986;"CA Val d'Yerres Val de Seine";"Romain COLAS";"";"done";"SEIP";"";"CM"
"Yvelines (78)";"Jouy-en-Josas";7928;"CA Versailles Grand Parc";"Jean-Paul RIGAL";"";"done";"SEIP";"";""
"Essonne (91)";"Paray-Vieille-Poste";7868;"EPT Grand-Orly Seine Bièvre";"Nathalie LALLIER";"";"inprogress";"";"";""
"Yvelines (78)";"Gargenville";7863;"CU Grand Paris Seine et Oise";"Yann PERRON";"";"done";"GPSEO";"";""
"Essonne (91)";"Ballancourt-sur-Essonne";7795;"CC du Val d'Essonne";"Jacques MIONE";"";"done";"Eiffage";"";"CM"
"Yvelines (78)";"Saint-Rémy-lès-Chevreuse";7747;"CC Haute Vallée de Chevreuse";"Dominique BAVOIL";"";"done";"EIFFAGE";"";""
"Seine-Saint-Denis (93)";"Vaujours";7743;"EPT Grand Paris Grand Est";"Inès MERBAH";"";"done";"ENEDIS";"";""
"Yvelines (78)";"Noisy-le-Roi";7631;"CA Saint-Germain Boucles de Seine";"Christophe MOLINSKI";"";"done";"SEIP ";"";"CM + Bailleur"
"Yvelines (78)";"Beynes";7617;"CC Cur d'Yvelines";"Sylvie BEGUIER";"";"done";"CITEOS ";"";"Bailleur"
"Val-d'Oise (95)";"Saint-Prix";7612;"CA Plaine Vallée";"Daniel KAYAL";"";"todo";"";"";""
"Seine-et-Marne (77)";"Émerainville";7601;"CC Gâtinais Val de Loing";"Christophe QUINION";"";"done";"Dalkia Electronics";"";"CM"
"Yvelines (78)";"Louveciennes";7563;"CA Saint-Germain Boucles de Seine";"Marie-Dominique PARISOT";"";"done";"TERIDEAL";"";"CM + Bailleur"
"Essonne (91)";"Saint-Germain-lès-Corbeil";7472;"CA Grand Paris Sud";"Yann PÉTEL";"";"inprogress";"";"";""
"Essonne (91)";"Soisy-sur-Seine";7322;"CA Grand Paris Sud";"Elisabeth PETITDIDIER";"";"inprogress";"";"";""
"Val-d'Oise (95)";"Courdimanche";7311;"CA de Cergy-Pontoise";"Sophie MATHARAN";"agglo";"inprogress";"CITEOS, ENTRA ET SPIR CITY NETWORK";"";""
"Essonne (91)";"Linas";7302;"CA Communauté Paris-Saclay";"Sara DALI";"";"inprogress";"";"";""
"Essonne (91)";"Lisses";7292;"CA Grand Paris Sud";"Jean-Marc MORIN";"";"callback";"";"01 69 11 40 00";""
"Val-d'Oise (95)";"Écouen";7202;"CA Roissy Pays de France";"Catherine DELPRAT";"";"todo";"";"";""
"Essonne (91)";"Villemoisson-sur-Orge";7120;"CA Cur d'Essonne";"Jean-Michel DIARD";"";"inprogress";"";"";""
"Seine-et-Marne (77)";"Lésigny";7102;"CA Marne et Gondoire";"Benoît SCHMIT";"";"done";"Enedis";"";""
"Seine-Saint-Denis (93)";"Gournay-sur-Marne";7101;"EPT Grand Paris Grand Est";"Nicolas SERERO";"";"done";"SPIE";"CM / Pas de BAILLEUR";""
"Essonne (91)";"Égly";7078;"CA Cur d'Essonne";"Benoît FRIMON-RICHARD";"";"callback";"";"01 69 72 18 00";"coeur essonne agglomeration"
"Seine-et-Marne (77)";"Bailly-Romainvilliers";7049;"CA Val d'Europe Agglomération";"Anne GBIORCZYK";"";"inprogress";"";"";""
"Yvelines (78)";"Orgeval";6948;"CA Saint-Germain Boucles de Seine";"Sophie CLERC";"";"done";"CU GPSEO";"";""
"Yvelines (78)";"Le Mesnil-Saint-Denis";6929;"CA de Saint-Quentin-en-Yvelines";"Cédric CHAUVIERRE";"";"callback";"";"01 30 13 86 50";"13h30"
"Yvelines (78)";"Rosny-sur-Seine";6929;"CU Grand Paris Seine et Oise";"Michel ROYNEAU";"";"done";"GPSEO";"";""
"Essonne (91)";"Étréchy";6926;"CA Étampois Sud-Essonne";"Julien GARCIA";"";"done";"SATELEC / BOUYGUES ENERGIE";"";"CM"
"Essonne (91)";"Wissous";6924;"CA Communauté Paris-Saclay";"Cyrille TELMAN";"";"inprogress";"";"";""
"Seine-et-Marne (77)";"Courtry";6885;"CA Paris - Vallée de la Marne";"Xavier VANDERBISE";"";"done";"ENTRA ";"";"CM"
"Seine-et-Marne (77)";"Chessy";6875;"CA Val d'Europe Agglomération";"Cyril MARSAUD";"";"done";"TERIDEAL";"";"CM"
"Val-d'Oise (95)";"Auvers-sur-Oise";6863;"CC Sausseron Impressionnistes";"Isabelle MÉZIÈRES";"";"todo";"";"";""
"Seine-et-Marne (77)";"Nanteuil-lès-Meaux";6800;"CA du Pays de Meaux";"Régis SARAZIN";"";"inprogress";"";"";""
"Yvelines (78)";"Les Essarts-le-Roi";6775;"CA Rambouillet Territoires";"Ismaël NEHLIL";"";"done";"CITEOS";"01 30 46 48 84";"CM + Bailleur"
"Seine-et-Marne (77)";"Othis";6739;"CA Roissy Pays de France";"Viviane DIDIER";"agglo";"done";"BIR";" CM / Pas de B";"Dispositive "
"Essonne (91)";"Itteville";6603;"CC du Val d'Essonne";"Françoise GUILLARD";"";"callback";"";"";"Mercredi à 9h"
"Val-d'Oise (95)";"Bouffémont";6593;"CA Plaine Vallée";"Karine OKONSKI";"";"todo";"";"";""
"Yvelines (78)";"Épône";6585;"CU Grand Paris Seine et Oise";"Emmanuel BOLLE";"";"done";"GPSEO";"";""
"Essonne (91)";"Saulx-les-Chartreux";6583;"CA Cur d'Essonne";"Stéphane BAZILE";"";"inprogress";"";"";""
"Yvelines (78)";"Le Perray-en-Yvelines";6543;"CA Rambouillet Territoires";"Geoffroy BAX DE KEATING";"";"done";"CITEOS";"";""
"Essonne (91)";"Limours";6431;"CC du Pays de Limours";"Armand DOUIN";"";"inprogress";"";"";""
"Essonne (91)";"Longpont-sur-Orge";6417;"CA Cur d'Essonne";"Charlène BADINA";"";"callback";"";"";"Mercredi 8h45"
"Seine-et-Marne (77)";"Esbly";6402;"CA Paris - Vallée de la Marne";"Ghislain DELVAUX";"";"done";"EXPERTITÉ";"";"CM"
"Seine-et-Marne (77)";"Saint-Pathus";6358;"CC Plaines et Monts de France";"Benoit DANTEC";"";"inprogress";"";"";""
"Seine-et-Marne (77)";"Champagne-sur-Seine";6356;"CC Moret Seine et Loing";"Michel GONORD";"";"inprogress";"";"";""
"Yvelines (78)";"Le Mesnil-le-Roi";6322;"CA Saint-Germain Boucles de Seine";"Aline BILLET";"";"done";"ENEDIS";"";""
"Seine-et-Marne (77)";"Nandy";6294;"CA Grand Paris Sud";"Grégory MASSAMBA";"";"done";"SPIE";"";"CM avec Grand Paris Sud"
"Seine-et-Marne (77)";"Saint-Thibault-des-Vignes";6266;"CA Marne et Gondoire";"Claude VERONA";"";"inprogress";"";"";""
"Val-d'Oise (95)";"Menucourt";6184;"CA de Cergy-Pontoise";"Catherine RENAUD";"agglo";"inprogress";"CITEOS, ENTRA ET SPIR CITY NETWORK";"";""
"Yvelines (78)";"La Verrière";6183;"CA de Saint-Quentin-en-Yvelines";"Nicolas DAINVILLE";"";"done";"50 ANS EN YVELINES";"";""
"Yvelines (78)";"Magnanville";6155;"CU Grand Paris Seine et Oise";"Michel LEBOUC";"";"done";"GPSEO";"";""
"Val-de-Marne (94)";"Ablon-sur-Seine";6029;"EPT Grand-Orly Seine Bièvre";"Éric GRILLON";"";"inprogress";"";"";""
"Yvelines (78)";"Maule";6024;"CC Gally-Mauldre";"Olivier LEPRETRE";"";"done";"SPIE";"";"CM + Bailleur"
"Val-d'Oise (95)";"Marly-la-Ville";6022;"CA Roissy Pays de France";"André SPECQ";"";"todo";"";"";""
"Seine-et-Marne (77)";"Bois-le-Roi";5979;"CA du Pays de Fontainebleau";"Jean-Philippe GUIBERT";"";"done";"Eiffage Energie";"";"Contrat prestataire : Marché global à performance sur 10 ans"
"Seine-et-Marne (77)";"Mouroux";5928;"CA Coulommiers Pays de Brie";"Jean-Louis BOGARD";"";"inprogress";"";"";""
"Yvelines (78)";"Buc";5920;"CA Versailles Grand Parc";"Stéphane GRASSET";"";"done";"BOUYGUES";"";"CM + Bailleur"
"Yvelines (78)";"Saint-Arnoult-en-Yvelines";5870;"CA Rambouillet Territoires";"Joëlle JEGAT";"";"done";"PRUNEVIEILLE";"";"CM "
"Essonne (91)";"Saintry-sur-Seine";5829;"CA Grand Paris Sud";"Patrick RAUSCHER";"";"callback";"";"";"Grand Paris Sud"
"Yvelines (78)";"Jouars-Pontchartrain";5814;"CC Cur d'Yvelines";"Thomas MENGELLE-TOUYA";"";"done";"ENEDIS";"";""
"Val-d'Oise (95)";"Magny-en-Vexin";5779;"CC du Vexin-Val de Seine";"Luc PUECH D'ALISSAC";"";"todo";"";"";""
"Seine-et-Marne (77)";"Fontenay-Trésigny";5757;"CC Brie Nangissienne";"Patrick ROSSILLI";"";"done";"ENEDIS";"";""
"Yvelines (78)";"Chambourcy";5736;"CA Saint-Germain Boucles de Seine";"Pierre MORANGE";"";"done";"VIOLA";"";"Bailleur"
"Val-de-Marne (94)";"Rungis";5669;"EPT Grand-Orly Seine Bièvre";"Bruno MARCILLAUD";"";"inprogress";"";"";""
"Essonne (91)";"Marolles-en-Hurepoix";5667;"CA Cur d'Essonne";"Nicolas MURAIL";"";"inprogress";"";"";""
"Val-d'Oise (95)";"Parmain";5655;"CC Sausseron Impressionnistes";"Loïc TAILLANTER";"";"todo";"";"";""
"Yvelines (78)";"Villennes-sur-Seine";5628;"CA Saint-Germain Boucles de Seine";"Marie-Agnèes BOUYSSOU";"";"refused";"";"";"Pas de CM / Pas de bailleur"
"Yvelines (78)";"Le Port-Marly";5608;"CA Saint-Germain Boucles de Seine";"Cédric PEMBA-MARINE";"";"done";"Bouygues energie et Services du groupe Equans";"";"CM + Bailleur + travaux de rénovation/nouvelles implantations"
"Val-d'Oise (95)";"Viarmes";5558;"CC Carnelle Pays-de-France";"Hugues BRISSAUD";"";"todo";"";"";""
"Yvelines (78)";"Chevreuse";5536;"CC Haute Vallée de Chevreuse";"Anne HÉRY-LE PALLEC";"";"done";"PRUNEVIEILLE";"";"CM + Pas de bailleur"
"Essonne (91)";"Lardy";5509;"CA Cur d'Essonne";"Rémi LAVENANT";"";"callback";"";"01 69 27 14 00";""
"Essonne (91)";"Villabé";5457;"CA Grand Paris Sud";"Karl DIRAT";"";"inprogress";"";"";""
"Seine-et-Marne (77)";"Quincy-Voisins";5435;"CA Marne et Gondoire";"Denis LEMAIRE";"commune";"done";"CITEOS";"Bailleur";""
"Seine-et-Marne (77)";"Saint-Pierre-lès-Nemours";5416;"CC Pays de Nemours";"Bruno LANDAIS";"";"done";"SDESM";"";"CM"
"Seine-et-Marne (77)";"Crégy-lès-Meaux";5354;"CA du Pays de Meaux";"Christophe VAMBRE";"";"inprogress";"";"";""
"Val-d'Oise (95)";"Mériel";5347;"CA Val Parisis";"Jérôme FRANCOIS";"";"todo";"";"";""
"Essonne (91)";"Ollainville";5314;"CA Cur d'Essonne";"Jean-Michel GIRAUDEAU";"";"callback";"";"";"16h "
"Seine-et-Marne (77)";"Mormant";5222;"CC Brie des Rivières et Châteaux";"Pierre-Yves NICOT";"";"done";"SPIE";"06 07 80 69 33";"CM"
"Essonne (91)";"Saint-Chéron";5220;"CC du Dourdannais en Hurepoix";"Rémi BOYER";"";"done";"Eiffage";"";"CM "
"Seine-Saint-Denis (93)";"Coubron";5156;"EPT Grand Paris Grand Est";"Ludovic TORO";"";"done";"DERICHEBOURG ENERGIE EP";"CM / Pas de Bailleur";"LE STUDIO LED"
"Val-d'Oise (95)";"Champagne-sur-Oise";5096;"CC Carnelle Pays-de-France";"Stéphane CARTEADO";"";"todo";"";"";""
"Yvelines (78)";"Vaux-sur-Seine";5083;"CU Grand Paris Seine et Oise";"Jean-Claude BREARD";"";"done";"EIFFAGE";"";""
"Seine-et-Marne (77)";"Trilport";5081;"CA du Pays de Meaux";"Jean-Michel MORER";"";"inprogress";"";"";""
"Yvelines (78)";"Bonnières-sur-Seine";5038;"CU Grand Paris Seine et Oise";"Cyril SAMSON";"";"done";"GPSEO";"";""
"Seine-et-Marne (77)";"Villenoy";5019;"CA du Pays de Meaux";"Emmanuel HUDE";"";"done";"CITEOS";"";"CM"
"Val-d'Oise (95)";"Luzarches";5008;"CC Carnelle Pays-de-France";"Michel MANSOUX";"";"todo";"";"";""
"Seine-et-Marne (77)";"Brou-sur-Chantereine";4992;"CA Paris - Vallée de la Marne";"Stéphanie BARNIER";"";"inprogress";"";"";""
"Seine-et-Marne (77)";"Souppes-sur-Loing";4974;"CC Pays de Nemours";"Jean-Michel CAPELLE";"commune";"done";"EIFFAGE";"01 64 29 80 33";""
"Val-d'Oise (95)";"Bruyères-sur-Oise";4921;"CC du Haut Val d'Oise";"Bernard LE BON";"";"todo";"";"";""
"Yvelines (78)";"Saint-Nom-la-Bretèche";4886;"CC Gally-Mauldre";"Jean-Philippe ANTOINE";"";"inprogress";"";"";"rappeler à 14h"
"Val-de-Marne (94)";"Mandres-les-Roses";4876;"EPT Grand Paris Sud Est Avenir";"Natalie GUESDON";"";"inprogress";"";"";"11h10"
"Essonne (91)";"Ballainvilliers";4838;"CA Communauté Paris-Saclay";"Stéphane GUEU";"";"inprogress";"";"";""
"Seine-et-Marne (77)";"La Ferté-Gaucher";4820;"CA Marne et Gondoire";"Michel JOZON";"";"done";"SDESM";"";"CM"
"Seine-et-Marne (77)";"Crécy-la-Chapelle";4779;"CA Coulommiers Pays de Brie";"Christine AUTENZIO";"syndicat";"done";"BIR passe par SDESM";"";"CM fin de l'année"
"Essonne (91)";"Le Coudray-Montceaux";4738;"CA Grand Paris Sud";"Aurélie GROS";"";"callback";"";"0 800 71 05 62";"Grand Paris Sud "
"Essonne (91)";"Bièvres";4700;"CA Communauté Paris-Saclay";"Anne PELLETIER-LE BARBIER";"";"inprogress";"";"";""
"Val-de-Marne (94)";"Marolles-en-Brie";4685;"EPT Grand Paris Sud Est Avenir";"Alphonse BOYE";"commune";"done";"BIR";"";"CM"
"Yvelines (78)";"L'Étang-la-Ville";4673;"CA Saint-Germain Boucles de Seine";"Daniel CORNALBA";"";"done";"CITEOS";"";""
"Val-de-Marne (94)";"Noiseau";4619;"EPT Grand Paris Sud Est Avenir";"Christophe MILOT";"commune";"done";"ENEDIS";"";"CM"
"Essonne (91)";"Milly-la-Forêt";4603;"CC des Deux Vallées";"Milly-la-Forêt";"";"inprogress";"";"";""
"Essonne (91)";"Villiers-sur-Orge";4576;"CA Cur d'Essonne";"Gilles FRAYSSE";"";"inprogress";"";"";""
"Val-d'Oise (95)";"La Frette-sur-Seine";4570;"CA Val Parisis";"Philippe AUDEBERT";"";"todo";"";"";""
"Val-d'Oise (95)";"Le Thillay";4560;"CA Roissy Pays de France";"Fabio LUNAZZI";"";"todo";"";"";""
"Essonne (91)";"Nozay";4482;"CA Communauté Paris-Saclay";"Didier PERRIER";"agglo";"done";"SEIP";"";"BAIL INTERCO"
"Essonne (91)";"Angerville";4416;"CA Étampois Sud-Essonne";"Johann MITTELHAUSSER";"";"inprogress";"";"";""
"Seine-et-Marne (77)";"Guignes";4414;"CA Marne et Gondoire";"Sandra BALLABENE";"";"inprogress";"";"";"Demain matin à 9h"
"Essonne (91)";"Morigny-Champigny";4405;"CA Étampois Sud-Essonne";"Alexandre-Stéphane HAAS";"";"inprogress";"";"";""
"Yvelines (78)";"Coignières";4377;"CA de Saint-Quentin-en-Yvelines";"Didier FISCHER";"";"done";"SEET (syndicat des electriques de tarentaise)";"";""
"Yvelines (78)";"Maurecourt";4355;"CA de Cergy-Pontoise";"Xavier TALON";"";"done";"AGGLO GERGY PONTOISE CYLUMINE";"";""
"Essonne (91)";"Saclay";4323;"CA Communauté Paris-Saclay";"Pierre BOT";"";"inprogress";"";"";""
"Essonne (91)";"Tigery";4318;"CA Grand Paris Sud";"Germain DUPONT";"agglo";"done";"Eiffage";"";"Grand Paris Sud"
"Essonne (91)";"La Norville";4312;"CA Cur d'Essonne";"Fabienne LEGUICHER";"";"done";"Prunevieille";"";"Coeur d'Essonne qui gère ça"
"Essonne (91)";"Leuville-sur-Orge";4304;"CA Cur d'Essonne";"Éric BRAIVE";"";"inprogress";"";"";""
"Seine-et-Marne (77)";"Jouarre";4304;"CA Marne et Gondoire";"Gabriel DAGORN";"";"inprogress";"";"";""
"Yvelines (78)";"Freneuse";4285;"CU Grand Paris Seine et Oise";"Vincent RADET";"";"done";"GPSEO";"";""
"Seine-et-Marne (77)";"Le Châtelet-en-Brie";4258;"CC Brie des Rivières et Châteaux";"Patricia TORCOL";"";"refused";"";"";""
"Seine-et-Marne (77)";"Chanteloup-en-Brie";4171;"CA Marne et Gondoire";"Olivier COLAISSEAU";"";"inprogress";"";"";""
"Seine-et-Marne (77)";"Pomponne";4158;"CA Marne et Gondoire";"Arnaud BRUNET";"";"inprogress";"";"";""
"Essonne (91)";"Le Plessis-Pâté";4147;"CA Cur d'Essonne";"Sylvain TANGUY";"";"callback";"";"01 69 72 18 00";"Coeur d'Essonne agglomeration"
"Essonne (91)";"Forges-les-Bains";4132;"CC du Pays de Limours";"Séverine MARTIN";"";"callback";"";"01 64 91 03 29";"Mercredi : 9h"
"Yvelines (78)";"Ecquevilly";4105;"CU Grand Paris Seine et Oise";"Marc HERZ";"";"done";"GPSEO";"";""
"Val-d'Oise (95)";"Survilliers";4091;"CA Roissy Pays de France";"Adeline ROLDAO";"";"todo";"";"";""
"Val-d'Oise (95)";"Montsoult";4023;"CC Carnelle Pays-de-France";"Silvio BIELLO";"";"todo";"";"";""
"Val-d'Oise (95)";"Presles";4017;"CC Carnelle Pays-de-France";"Céline CAUDRON";"";"todo";"";"";""
"Yvelines (78)";"Juziers";3976;"CU Grand Paris Seine et Oise";"Cédric GUILLAUME";"";"done";"GPSEO";"";""
"Val-de-Marne (94)";"Santeny";3958;"EPT Grand Paris Sud Est Avenir";"Vincent BEDU";"";"inprogress";"";"";""
"Yvelines (78)";"Issou";3928;"CU Grand Paris Seine et Oise";"Julien PETIT";"";"done";"GPSEO";"";""
"Seine-et-Marne (77)";"Chevry-Cossigny";3904;"CC de l'Orée de la Brie";"Jonathan WOFSY";"commune";"done";"ALPHA TP";"";"MPE"
"Seine-et-Marne (77)";"Saint-Germain-sur-Morin";3891;"CA Marne et Gondoire";"Julien GAILLARD";"commune";"done";"BIR";"";"CM : ca fait quelque année qui travaille avec eu"
"Seine-et-Marne (77)";"La Rochette";3870;"CA Melun Val de Seine";"Pierre YVROUD";"commune";"done";"SPIE";"";"CM "
"Essonne (91)";"Boissy-sous-Saint-Yon";3855;"CC Entre Juine et Renarde";"Jean-Marc PICHON";"";"callback";"";"01 83 63 70 90";"Communauté commune entre juille et renard (CCEJR)"
"Seine-et-Marne (77)";"Saint-Mard";3847;"CC Plaines et Monts de France";"Daniel DOMETZ";"";"inprogress";"";"";""
"Seine-et-Marne (77)";"Ferrières-en-Brie";3841;"CC de l'Orée de la Brie";"Mireille MUNCH";"";"inprogress";"";"";""
"Yvelines (78)";"Mareil-Marly";3826;"CA Saint-Germain Boucles de Seine";"Dominique LAFON";"";"inprogress";"";"";"rappeler à 14h"
"Yvelines (78)";"Mézières-sur-Seine";3826;"CU Grand Paris Seine et Oise";"Franck FONTAINE";"";"done";"GPSEO";"";""
"Seine-et-Marne (77)";"Montry";3799;"CA Marne et Gondoire";"Yannick MARC";"";"inprogress";"";"";""
"Val-d'Oise (95)";"Puiseux-en-France";3765;"CA Roissy Pays de France";"Séjiane RENÉ";"";"todo";"";"";""
"Essonne (91)";"Bruyères-le-Châtel";3738;"CA Cur d'Essonne";"Valérie PIQUE";"";"callback";"";"01 69 72 18 00";"Coeur essonne agglomeration"
"Yvelines (78)";"Ablis";3715;"CA Rambouillet Territoires";"Jean-François SIRET";"";"done";"PRUNEVIEILLE";"";""
"Seine-et-Marne (77)";"Boissise-le-Roi";3700;"CA Melun Val de Seine";"Véronique CHAGNAT";"";"inprogress";"";"";""
"Yvelines (78)";"Houdan";3699;"CC du Pays Houdanais";"Jean-Marie TÉTART";"";"done";"SES";"";""
"Seine-et-Marne (77)";"Varennes-sur-Seine";3688;"CC Pays de Montereau";"Annie CAPOLUNGO";"";"inprogress";"envoyé u mail";"acceuil@varennes-sur-seine.fr";""
"Essonne (91)";"La Ferté-Alais";3663;"CC du Val d'Essonne";"Pascal HILF";"";"inprogress";"";"";""
"Seine-et-Marne (77)";"Chauconin-Neufmontiers";3655;"CA du Pays de Meaux";"Marie LEAL";"";"inprogress";"";"";""
"Yvelines (78)";"Bailly";3650;"CA Versailles Grand Parc";"Stéphane GAULTIER";"";"inprogress";"";"technique@mairie-bailly.fr";"LUNDI À 9H"
"Val-d'Oise (95)";"Marines";3594;"CC du Vexin-Val de Seine";"Nadine NINOT";"";"todo";"";"";""
"Seine-et-Marne (77)";"Dampmart";3586;"CA Marne et Gondoire";"Laurent DELPECH";"commune";"done";"BIR";"";"CM : Passe commande 2 ou 3 fois dans l'année"
"Seine-et-Marne (77)";"Saint-Soupplets";3585;"CC Plaines et Monts de France";"Stéphane DEVAUCHELLE";"";"inprogress";"";"";""
"Seine-et-Marne (77)";"Pringy";3558;"CA Melun Val de Seine";"Eric CHOMAUDON";"";"inprogress";"";"";""
"Seine-et-Marne (77)";"Lizy-sur-Ourcq";3519;"CC du Provinois";"Cindy MOUSSI-LE GUILLOU";"";"inprogress";"";"";""
"Essonne (91)";"Cerny";3425;"CC du Val d'Essonne";"Marie-Claire CHAMBARET";"";"done";"SICAE";"";"CM"
"Seine-et-Marne (77)";"Thomery";3411;"CC Moret Seine et Loing";"Bruno MICHEL";"";"inprogress";"";"";""
"Seine-et-Marne (77)";"Chaumes-en-Brie";3401;"CC Val Briard";"François VENANZUOLA";"";"inprogress";"";"";""
"Seine-et-Marne (77)";"Servon";3396;"CC de l'Orée de la Brie";"Christophe COULOUMY";"commune";"done";"BIR";"";"CM "
"Essonne (91)";"Briis-sous-Forges";3375;"CC du Pays de Limours";"Emmanuel DASSA";"";"inprogress";"";"";""
"Essonne (91)";"Le Mérévillois";3364;"CA Étampois Sud-Essonne";"Guy DESMURS";"";"inprogress";"";"";""
"Yvelines (78)";"Buchelay";3340;"CU Grand Paris Seine et Oise";"Stéphane TREMBLAY";"";"done";"GPSEO / Bouygues";"";""
"Yvelines (78)";"Neauphle-le-Château";3340;"CC Cur d'Yvelines";"Sandrine KESLER";"";"done";"SPIE";"";"CM + Bailleur"
"Seine-et-Marne (77)";"Collégien";3334;"CA Marne et Gondoire";"Marc PINOTEAU";"agglo";"done";"";"";"Marne et gondoire"
"Val-d'Oise (95)";"Chaumontel";3332;"CC Carnelle Pays-de-France";"Sylvain SARAGOSA";"";"todo";"";"";""
"Val-d'Oise (95)";"Frépillon";3317;"CA Val Parisis";"Martine BERNARD";"";"todo";"";"";""
"Seine-et-Marne (77)";"Annet-sur-Marne";3317;"CA Roissy Pays de France";"Stéphanie AUZIAS";"agglo";"done";"";"";"COMMUNAUTE COMMUNE(CCPMF)"
"Seine-et-Marne (77)";"Mareuil-lès-Meaux";3304;"CC Brie Nangissienne";"Emilie SURAY";"";"inprogress";"";"";""
"Seine-et-Marne (77)";"Saint-Mammès";3302;"CC Moret Seine et Loing";"Leslie HALLEUR ECHAROUX";"commune";"done";"CITEOS";"";""
"Seine-et-Marne (77)";"Boissy-le-Châtel";3285;"CC des Deux Morin";"Jean-Michel WETZEL";"commune";"done";"SDESM";"";"CM "
"Seine-et-Marne (77)";"Rubelles";3273;"CA Melun Val de Seine";"Françoise LEFEBVRE";"";"inprogress";"";"";""
"Seine-et-Marne (77)";"Moussy-le-Neuf";3270;"CA Roissy Pays de France";"Anthony GRATACOS";"commune";"done";"BIR";"";"CM"
"Seine-et-Marne (77)";"Verneuil-l'Étang";3198;"CC Brie des Rivières et Châteaux";"Jocelyn BRAYET";"";"inprogress";"";"";""
"Yvelines (78)";"Porcheville";3162;"CU Grand Paris Seine et Oise";"Alec JALTIER";"";"done";"GPSEO";"";""
"Seine-et-Marne (77)";"Évry-Grégy-sur-Yerre";3150;"CC Bassée-Montois";"Gilles ROSSIGNEUX";"";"inprogress";"";"";""
"Val-d'Oise (95)";"Asnières-sur-Oise";3127;"CC Carnelle Pays-de-France";"Éric THIERRY";"";"todo";"";"";""
"Val-d'Oise (95)";"Vémars";3124;"CA Roissy Pays de France";"Farid BENABDELAZIZ";"";"todo";"";"";""
"Essonne (91)";"Étiolles";3100;"CA Grand Paris Sud";"Stéphane PELLET";"";"callback";"";"";"Grand Paris Sud"
"Seine-et-Marne (77)";"Château-Landon";3085;"CC Gâtinais Val de Loing";"Benjamin ITÉ";"commune";"done";"SATELEC";"";"CM"
"Yvelines (78)";"Morainvilliers";3082;"CC Gally-Mauldre";"Fabienne DEVEZE";"";"done";"CU GPSEO";"";""
"Yvelines (78)";"Villiers-Saint-Frédéric";3068;"CC Cur d'Yvelines";"Xavier MURAT";"";"done";"SPIE ";"";""
"Essonne (91)";"Boutigny-sur-Essonne";3048;"CC du Val d'Essonne";"Mélanie LE GUILLOU";"";"done";"STELENS SEIP";"";"CM"
"Val-d'Oise (95)";"Montlignon";3038;"CA Plaine Vallée";"Sylvie JACQUIN";"";"todo";"";"";""
"Essonne (91)";"Saint-Vrain";3023;"CA Cur d'Essonne";"Corinne CORDIER";"";"inprogress";"";"";""
"Yvelines (78)";"Feucherolles";3020;"CC Gally-Mauldre";"Michel DELAMAIRE";"";"done";"EIFFAGE TAVERNY";"";""
"Seine-et-Marne (77)";"Pommeuse";3015;"CA Coulommiers Pays de Brie";"Victor IGNASIAK";"";"inprogress";"";"";""
"Seine-et-Marne (77)";"Faremoutiers";3013;"CC Brie des Rivières et Châteaux";"Nicolas CAUX";"";"inprogress";"";"";""
"Val-d'Oise (95)";"Margency";3012;"CA Plaine Vallée";"Thierry BRUN";"";"todo";"";"";""
"Seine-et-Marne (77)";"Coupvray";2949;"CA Val d'Europe Agglomération";"Thierry CERRI";"";"inprogress";"";"";""
"Essonne (91)";"Champcueil";2873;"CC du Val d'Essonne";"Sandrine JACQUET";"";"inprogress";"";"";""
"Seine-et-Marne (77)";"La Grande-Paroisse";2873;"CA Marne et Gondoire";"Emmanuel LEDOUX";"";"done";"SDEL IDF TRAVAUX / CITEOS";"";"Contrat entretien 4 ans"
"Yvelines (78)";"Montfort-l'Amaury";2870;"CC Cur d'Yvelines";"Hervé PLANCHENAULT";"";"done";"SEIP";"";""
"Seine-et-Marne (77)";"Saint-Germain-Laval";2828;"CC Gâtinais Val de Loing";"Jean-François BERMUDEZ";"";"callback";"";"";""
"Seine-et-Marne (77)";"Rozay-en-Brie";2819;"CC Val Briard";"Patrick PERCIK";"";"done";"SDESM";"";"CM "
"Essonne (91)";"Maisse";2802;"CC des Deux Vallées";"Jean-Marc LENGLET";"";"done";"Citéos";"";"CM"
"Seine-et-Marne (77)";"Bourron-Marlotte";2762;"CC Moret Seine et Loing";"Vitor VALENTE";"";"inprogress";"";"";""
"Essonne (91)";"Vert-le-Petit";2749;"CC du Val d'Essonne";"Vincent BERNIER";"";"inprogress";"";"mairie@vertlepetit.fr";""
"Seine-et-Marne (77)";"Grisy-Suisnes";2749;"CC Pays de Nemours";"Nadine GAVARD";"syndicat";"done";"EIFFAGE";"";"CM par le SDESM"
"Seine-et-Marne (77)";"Donnemarie-Dontilly";2747;"CC du Provinois";"Sandrine SOSINSKI";"";"inprogress";"";"";""
"Val-de-Marne (94)";"Périgny-sur-Yerres";2744;"EPT Grand Paris Sud Est Avenir";"Arnaud VEDIE";"commune";"done";"BIR";"";"CM "
"Val-d'Oise (95)";"Andilly";2742;"CA Plaine Vallée";"Alexandre LEGAL";"";"todo";"";"";""
"Seine-et-Marne (77)";"Vulaines-sur-Seine";2731;"CA du Pays de Fontainebleau";"Eve HARRISON";"commune";"done";"SPIE";"CM + Bailleur";""
"Val-d'Oise (95)";"Saint-Witz";2724;"CA Roissy Pays de France";"Nagège FERTÉ";"";"todo";"";"";""
"Val-d'Oise (95)";"Saint-Martin-du-Tertre";2689;"CC Carnelle Pays-de-France";"Nathalie BENYAHIA";"syndicat";"done";"sdevo enedis";"";"06 18 58  ; ;, 67 04"
"Val-d'Oise (95)";"Bernes-sur-Oise";2684;"CC Carnelle Pays-de-France";"Olivier ANTY";"";"todo";"";"";""
"Val-d'Oise (95)";"Roissy-en-France";2674;"CA Roissy Pays de France";"Michèle CALIX";"";"todo";"";"";""
"Seine-et-Marne (77)";"Longperrier";2669;"CA Paris - Vallée de la Marne";"Florence RONGIONE";"syndicat";"done";"BIR";"CM + B";""
"Seine-et-Marne (77)";"Guérard";2665;"CC Bassée-Montois";"François MESSINA";"";"inprogress";"";"";""
"Seine-et-Marne (77)";"Cannes-Écluse";2659;"CC Pays de Montereau";"Denis MIGUET";"commune";"done";"BIR";"";"CM "
"Seine-et-Marne (77)";"Montigny-sur-Loing";2621;"CC Moret Seine et Loing";"Stéphane COLAS";"commune";"done";"EIFFAGE";"";""
"Essonne (91)";"Gometz-le-Châtel";2615;"CA Communauté Paris-Saclay";"Lucie SELLEM";"";"callback";"";"";"Agglomeration Paris Chatelet"
"Essonne (91)";"Champlan";2606;"CA Communauté Paris-Saclay";"Christian LECLERC";"";"inprogress";"";"";""
"Seine-et-Marne (77)";"Vernou-la-Celle-sur-Seine";2606;"CC Moret Seine et Loing";"Pascale PALARD";"";"callback";"";"06 07 14 89 38";"6h"
"Essonne (91)";"Ormoy";2568;"CC du Val d'Essonne";"Jacques GOMBAULT";"";"done";"Eiffage ";"";"CM"
"Seine-et-Marne (77)";"Chartrettes";2543;"CA du Pays de Fontainebleau";"Fabrice BARGEAULT";"commune";"done";"EIFFAGE";"";""
"Yvelines (78)";"Garancières";2512;"CC Cur d'Yvelines";"Ghislaine LESADE";"";"done";"SES";"";""
"Seine-et-Marne (77)";"Héricy";2511;"CA Coulommiers Pays de Brie";"Yannick TORRES";"";"done";"DEURICHEBOURG";"";""
"Essonne (91)";"Villejust";2496;"CA Communauté Paris-Saclay";"Igor TRICKOVSKI";"";"inprogress";"";"";""
"Yvelines (78)";"Hardricourt";2480;"CU Grand Paris Seine et Oise";"Alexandre LOUIS";"";"done";"GPSEO";"";""
"Yvelines (78)";"Orgerus";2480;"CC du Pays Houdanais";"Jean-Michel VERPLAETSE";"";"done";"SIE-ELY";"";""
"Seine-et-Marne (77)";"Oissery";2459;"CC Plaines et Monts de France";"Jean-Louis RAGON";"";"inprogress";"";"";""
"Yvelines (78)";"Gambais";2451;"CC Portes de l'Île-de-France";"Raphaël NIVOIT";"";"done";"BOUYGUES";"";""
"Seine-et-Marne (77)";"Samoreau";2426;"CA du Pays de Fontainebleau";"Pascal GOUHOURY";"";"done";"SPIE";"";""
"Yvelines (78)";"Flins-sur-Seine";2424;"CU Grand Paris Seine et Oise";"Nagège DAUMARD";"";"done";"GPSEO";"";""
"Yvelines (78)";"La Queue-les-Yvelines";2381;"CC Cur d'Yvelines";"Gérard PATIN";"";"done";"EIFFAGE";"";""
"Seine-et-Marne (77)";"Bray-sur-Seine";2356;"CC Bassée-Montois";"Catherine DUVERNEIX";"commune";"done";"SDESM";"";"JSP"
"Seine-et-Marne (77)";"Presles-en-Brie";2313;"CC Val Briard";"Yoann COSSEVE";"syndicat";"done";"SDESM";"";"JSP"
"Seine-et-Marne (77)";"La Chapelle-la-Reine";2301;"CC Pays de Nemours";"Sebastien COLIN";"";"inprogress";"";"";""
"Essonne (91)";"Fontenay-lès-Briis";2297;"CC du Pays de Limours";"Thierry DEGIVRY";"";"done";"PRUNEVIEILLE";"";"CM "
"Essonne (91)";"Varennes-Jarcy";2296;"CA Val d'Yerres Val de Seine";"Frédéric GIRAUD";"";"done";"Société BIR";"";"CM durée de 12 ans"
"Seine-et-Marne (77)";"Rebais";2289;"CA Coulommiers Pays de Brie";"Benoît CARRÉ";"commune";"done";"Ne sait pas";"CM +B";""
"Yvelines (78)";"Mézy-sur-Seine";2287;"CU Grand Paris Seine et Oise";"Michel CHARRON";"";"done";"GPSEO";"";""
"Yvelines (78)";"Septeuil";2272;"CU Grand Paris Seine et Oise";"Julien RIVIERE";"";"done";"GPSEO";"";""
"Val-d'Oise (95)";"Butry-sur-Oise";2252;"CC Sausseron Impressionnistes";"Claude NOËL";"";"todo";"";"";""
"Essonne (91)";"Vert-le-Grand";2252;"CC du Val d'Essonne";"Thierry MARAIS";"";"inprogress";"";"";""
"Val-d'Oise (95)";"Belloy-en-France";2250;"CA Plaine Vallée";"Delphine DRAPEAU";"";"todo";"";"";""
"Val-d'Oise (95)";"Ennery";2243;"CA de Cergy-Pontoise";"Matthieu LAURENT";"agglo";"inprogress";"CITEOS, ENTRA ET SPIR CITY NETWORK";"";""
"Val-d'Oise (95)";"Fontenay-en-Parisis";2219;"CA Roissy Pays de France";"Hasan KARADAG";"";"todo";"";"";""
"Seine-et-Marne (77)";"Livry-sur-Seine";2215;"CC Val Briard";"Esther DECANTE";"";"callback";"";"";"17h"
"Yvelines (78)";"Bouafle";2213;"CU Grand Paris Seine et Oise";"Sabine OLIVIER";"";"done";"GPSEO";"";""
"Essonne (91)";"Cheptainville";2212;"CA Cur d'Essonne";"Kim DELMOTTE";"";"inprogress";"";"";""
"Seine-et-Marne (77)";"Jouy-sur-Morin";2212;"CC du Provinois";"Michael ROUSSEAU";"";"inprogress";"";"";""
"Yvelines (78)";"Follainville-Dennemont";2173;"CU Grand Paris Seine et Oise";"Samuel BOUREILLE";"";"done";"GPSEO";"";""
"Essonne (91)";"Pussay";2169;"CA Étampois Sud-Essonne";"Grégory COURTAS";"";"done";"C'est eu qui s'en occupe ; ENEDIS";"";"Pas de CM"
"Seine-et-Marne (77)";"Pontcarré";2156;"CA Marne et Gondoire";"Tony SALVAGGIO";"syndicat";"done";"INEO";"";"CM"
"Seine-et-Marne (77)";"Égreville";2143;"CC Bassée-Montois";"Pascal POMMIER";"syndicat";"done";"SATELEC";"";"CM DURÉE DE 4 ANS AVEC LE SDESM"
"Seine-et-Marne (77)";"Villevaudé";2132;"CA Roissy Pays de France";"Nicolas MARCEAUX";"";"callback";"";"";""
"Yvelines (78)";"Guerville";2124;"CU Grand Paris Seine et Oise";"Yann TARTARD";"";"done";"GPSEO";"";""
"Yvelines (78)";"Bonnelles";2123;"CA Rambouillet Territoires";"Nathalie COUËDOR";"";"inprogress";"";"";"rappeler à 16h"
"Seine-et-Marne (77)";"Varreddes";2121;"CA du Pays de Meaux";"Francis MESSANT";"";"callback";"";"";""
"Val-d'Oise (95)";"Boissy-l'Aillerie";2120;"CA de Cergy-Pontoise";"Paul DUBRAY";"agglo";"inprogress";"CITEOS, ENTRA ET SPIR CITY NETWORK";"";""
"Seine-et-Marne (77)";"Chailly-en-Bière";2118;"CA du Pays de Fontainebleau";"Alain THIERY";"";"callback";"";"";""
"Seine-et-Marne (77)";"Couilly-Pont-aux-Dames";2100;"CA Marne et Gondoire";"Laure GUÉRIN TAQUET";"";"callback";"";"";""
"Essonne (91)";"Bouray-sur-Juine";2077;"CC Entre Juine et Renarde";"Virgine PERCHET";"";"inprogress";"";"";""
"Essonne (91)";"Vauhallan";2066;"CA Communauté Paris-Saclay";"Bernard GLEIZE";"";"inprogress";"";"";""
"Val-d'Oise (95)";"Neuville-sur-Oise";2058;"CA de Cergy-Pontoise";"Sébastien DRUART";"agglo";"inprogress";"CITEOS, ENTRA ET SPIR CITY NETWORK";"";""
"Seine-et-Marne (77)";"Villiers-sur-Morin";2048;"CA Coulommiers Pays de Brie";"Caroline AULIAC";"";"done";"BIR";"";""
"Seine-et-Marne (77)";"Perthes";2040;"CA du Pays de Fontainebleau";"Fabrice LARCHÉ";"";"callback";"";"";""
"Seine-et-Marne (77)";"Saints";2035;"";"Christophe SZIKORA";"";"callback";"";"";""
"Seine-et-Marne (77)";"Soignolles-en-Brie";2026;"CC Brie des Rivières et Châteaux";"Matthieu VERHEYDEN";"";"callback";"";"";"16H"
"Yvelines (78)";"Limetz-Villez";2025;"CU Grand Paris Seine et Oise";"Michel OBRY";"";"done";"GPSEO";"";""
"Val-d'Oise (95)";"Baillet-en-France";2021;"CA Plaine Vallée";"Delphine BONFANTI";"";"todo";"";"";""
"Seine-et-Marne (77)";"Juilly";2020;"CC des Deux Morin";"Christine FAVINO";"commune";"done";"BIR";"";"CM"
"Seine-et-Marne (77)";"Samois-sur-Seine";2010;"CA du Pays de Fontainebleau";"Jacques BOUSQUET";"";"inprogress";"";"";""
"Val-d'Oise (95)";"Chars";2006;"CC du Vexin-Val de Seine";"Nicolas BELANGÉ";"";"todo";"";"";""
"Seine-et-Marne (77)";"Croissy-Beaubourg";1990;"CA Paris - Vallée de la Marne";"Michael GAILLARD";"commune";"done";"IMMOBAT";"";"CM"
"Yvelines (78)";"Auffargis";1974;"CA Rambouillet Territoires";"Marie VINCENT";"";"refused";"NON COMMUNIQUÉ";"";"CM + Pas de bailleur"
"Seine-et-Marne (77)";"Ozouer-le-Voulgis";1970;"CC Val Briard";"Gauthier BOUNICHOU";"";"callback";"";"";""
"Seine-et-Marne (77)";"Réau";1966;"CA Grand Paris Sud";"Alain AUZET";"agglo";"done";"";"";"COMMUNAUTÉ DE COMMUNE :GRAND PARIS SUD"
"Seine-et-Marne (77)";"Saint-Cyr-sur-Morin";1954;"CC des Deux Morin";"Francis Marcel DELARUE";"commune";"done";"EDF";"";"Pas de CM"
"Essonne (91)";"Janville-sur-Juine";1953;"CC du Val d'Essonne";"Séverine GALIBERT";"";"inprogress";"";"";""
"Seine-et-Marne (77)";"Montcourt-Fromonville";1925;"CC Moret Seine et Loing";"Maxime LABELLE";"agglo";"done";"SDESM";"";"CM"
"Yvelines (78)";"Bullion";1914;"CA Rambouillet Territoires";"Xavier CARIS";"";"done";"ENEDIS";"";""
"Yvelines (78)";"Bréval";1908;"CU Grand Paris Seine et Oise";"Thierry NAVELLO";"";"done";"GPSEO";"";""
"Val-d'Oise (95)";"Attainville";1904;"CA Plaine Vallée";"Yves CITERNE";"";"todo";"";"";""
"Essonne (91)";"Les Molières";1896;"CA Communauté Paris-Saclay";"Yvan LUBRANESKI";"";"inprogress";"";"";""
"Seine-et-Marne (77)";"Coubert";1879;"CC Brie des Rivières et Châteaux";"Louis Marie SAOUT";"commune";"done";"Eiffage Energie";"";"Syndicat : SDESMqui fourni l'energie"
"Seine-et-Marne (77)";"Villeneuve-le-Comte";1870;"CA Val d'Europe Agglomération";"Julien QUINTERNE";"";"inprogress";"";"";""
"Seine-et-Marne (77)";"Saâcy-sur-Marne";1864;"CC des Deux Morin";"Florian CABARIBERE";"";"callback";"";"";""
"Val-d'Oise (95)";"Maffliers";1856;"CC Carnelle Pays-de-France";"Jean-Christophe MAZURIER";"";"todo";"";"";""
"Essonne (91)";"Saclas";1847;"CA Étampois Sud-Essonne";"Fabrice JAOUEN";"";"inprogress";"";"";""
"Seine-et-Marne (77)";"Marles-en-Brie";1843;"CA du Pays de Meaux";"Patrick POISOT";"syndicat";"done";"Eiffage ";"";"CM : renouvelé pour 4 ans"
"Val-d'Oise (95)";"Nesles-la-Vallée";1842;"CC Sausseron Impressionnistes";"Christophe BUATOIS";"";"todo";"";"";""
"Yvelines (78)";"Saint-Germain-de-la-Grange";1841;"CC Cur d'Yvelines";"Bertrand HAUET";"";"done";"WATELET ";"";""
"Yvelines (78)";"Bennecourt";1837;"CU Grand Paris Seine et Oise";"Didier DUMONT";"";"done";"GPSEO";"";""
"Seine-et-Marne (77)";"Maincy";1833;"CA Val d'Europe Agglomération";"Alain PLAISANCE";"";"inprogress";"";"";""
"Seine-et-Marne (77)";"Seine-Port";1824;"CA Melun Val de Seine";"Vincent PAUL-PETIT";"";"callback";"";"";""
"Seine-et-Marne (77)";"Noisy-sur-École";1822;"CA du Pays de Fontainebleau";"Christian BOURNERY";"";"callback";"";"";""
"Seine-et-Marne (77)";"Saint-Augustin";1820;"CA Marne et Gondoire";"Sébastien HOUDAYER";"";"callback";"";"";""
"Seine-et-Marne (77)";"Marolles-sur-Seine";1812;"CC Brie Nangissienne";"Julien POIREAU";"syndicat";"done";"SDESM";"";""
"Seine-et-Marne (77)";"Crouy-sur-Ourcq";1808;"CC du Pays de l'Ourcq";"Didier MANSON";"";"inprogress";"";"";""
"Seine-et-Marne (77)";"Longueville";1800;"CA Roissy Pays de France";"Cyril BERNIER";"syndicat";"done";"SDESM";"";""
"Seine-et-Marne (77)";"Sainte-Colombe";1793;"CC du Provinois";"Alain BALDUCCI";"";"callback";"";"";""
"Seine-et-Marne (77)";"Congis-sur-Thérouanne";1772;"CC du Pays de l'Ourcq";"Philippe MIMMAS";"";"inprogress";"";"";""
"Val-d'Oise (95)";"Villeron";1766;"CA Roissy Pays de France";"Dominique KUDLA";"";"todo";"";"";""
"Seine-et-Marne (77)";"Monthyon";1749;"CA du Pays de Meaux";"Jean-Luc PÉCHARMAN";"";"inprogress";"";"";""
"Yvelines (78)";"Chavenay";1746;"CC Gally-Mauldre";"Myriam BRENAC";"";"done";"TERIDEAL";"";"CM "
"Hauts-de-Seine (92)";"Marnes-la-Coquette";1745;"EPT Grand Paris Seine Ouest";"Christianne BARODY-WEISS";"";"inprogress";"";"g.henry@marnes-la-coquette.fr";"vend 8h30"
"Seine-et-Marne (77)";"Conches-sur-Gondoire";1742;"CA Marne et Gondoire";"Marie-Christine VATOV";"commune";"done";"Eiffage";"";""
"Essonne (91)";"Angervilliers";1720;"CC du Dourdannais en Hurepoix";"Dany BOYER";"";"inprogress";"";"";""
"Seine-et-Marne (77)";"Bouleurs";1720;"CA Coulommiers Pays de Brie";"Monique BOURDIER";"";"inprogress";"";"";""
"Yvelines (78)";"Mareil-sur-Mauldre";1709;"CC Gally-Mauldre";"Nathalie CAHUZAC";"";"inprogress";"";"";"attendre la réponse"
"Yvelines (78)";"Crespières";1702;"CC Gally-Mauldre";"Adriano BALLARIN";"";"callback";"";"";"rappeler à 14h30"
"Yvelines (78)";"Bazemont";1695;"CC Gally-Mauldre";"Jean-Bernard HETZEL";"";"done";"SFE Aubergenville";"";""
"Val-d'Oise (95)";"Mours";1693;"CC Carnelle Pays-de-France";"Olivier LESUEUR";"";"todo";"";"";""
"Essonne (91)";"Corbreuse";1675;"CC du Dourdannais en Hurepoix";"Christophe MAZOUE";"";"inprogress";"";"";""
"Seine-et-Marne (77)";"La Houssaye-en-Brie";1675;"CA Coulommiers Pays de Brie";"Sylvie GOBARD";"commune";"done";"Eiffage";"";"SDESM : 3 ans le CM"
"Yvelines (78)";"Saint-Rémy-l'Honoré";1668;"CC Cur d'Yvelines";"Patrick RATEL";"";"done";"EIFFAGE";"";""
"Yvelines (78)";"Méré";1667;"CC Cur d'Yvelines";"Alain COLOMBI";"";"callback";"";"";"rappeler à 15h"
"Seine-et-Marne (77)";"Chenoise-Cucharmoy";1654;"CC du Provinois";"Alain BONTOUR";"";"inprogress";"";"";""
"Yvelines (78)";"Les Loges-en-Josas";1646;"CA Versailles Grand Parc";"Caroline DOUCERAIN";"";"done";"BOUYGUES";"";""
"Seine-et-Marne (77)";"Voulx";1632;"CC Gâtinais Val de Loing";"Sylvain LECOSNIER";"";"callback";"";"";""
"Yvelines (78)";"Sonchamp";1630;"CA Rambouillet Territoires";"Marie-Alice LESAGE";"";"callback";"";"";"rappeler à 16h"
"Yvelines (78)";"Lévis-Saint-Nom";1607;"CC Haute Vallée de Chevreuse";"Anne GRIGNON";"";"done";"PRUNEVIEILLE";"";""
"Essonne (91)";"Sermaise";1594;"CA Étampois Sud-Essonne";"Magali HAUTEFEUILLE";"";"inprogress";"";"";""
"Seine-et-Marne (77)";"Bagneaux-sur-Loing";1582;"CC Pays de Nemours";"Claude JAMET";"";"inprogress";"";"";""
"Seine-et-Marne (77)";"Charny";1575;"CC Plaines et Monts de France";"Didier DEBRIT";"syndicat";"done";"BIR";"";""
"Yvelines (78)";"Richebourg";1568;"CC du Pays Houdanais";"Bernadette COURTY";"";"callback";"";"";"rappeler à 14h30"
"Essonne (91)";"Fontenay-le-Vicomte";1564;"CC du Val d'Essonne";"Valérie MICK-RIVES";"";"inprogress";"";"";""
"Essonne (91)";"Leudeville";1560;"CA Cur d'Essonne";"Jean-Pierre LECOMTE";"";"inprogress";"";"";""
"Essonne (91)";"Chevannes";1550;"CC du Val d'Essonne";"Sami BEN OUADA";"";"inprogress";"";"";""
"Seine-et-Marne (77)";"Le Pin";1548;"CC Val Briard";"Lydie WALLEZ";"";"callback";"";"";""
"Yvelines (78)";"Longnes";1544;"CU Grand Paris Seine et Oise";"Anne DEBRAS";"";"done";"GPSEO";"";""
"Seine-et-Marne (77)";"Chailly-en-Brie";1539;"CA Coulommiers Pays de Brie";"Sébastien CORBISIER";"";"inprogress";"";"";""
"Essonne (91)";"Saint-Maurice-Montcouronne";1536;"CC du Pays de Limours";"William BERRICHILLO";"";"inprogress";"";"";""
"Yvelines (78)";"Cernay-la-Ville";1536;"CA Rambouillet Territoires";"Claire CHERET";"";"done";"SAUR";"";""
"Essonne (91)";"D'Huison-Longueville";1532;"CC du Val d'Essonne";"Jean-Christophe HARDY";"";"inprogress";"";"";""
"Seine-et-Marne (77)";"Jouy-le-Châtel";1526;"CC des Deux Morin";"Stéphane BACHELET";"syndicat";"done";"bouygues";"CM + Bailleur";""
"Essonne (91)";"Le Val-Saint-Germain";1524;"CC du Dourdannais en Hurepoix";"Eric THIEBAUT";"";"inprogress";"";"";""
"Seine-et-Marne (77)";"Sourdun";1517;"CC du Provinois";"Eric TORPIER";"commune";"done";"Citeos";"CM + Bailleur";""
"Yvelines (78)";"Châteaufort";1515;"CA Communauté Paris-Saclay";"Patrice BERQUET";"";"done";"CITEOS";"";""
"Essonne (91)";"Gometz-la-Ville";1506;"CC du Pays de Limours";"Edwige HUOT MARCHAND";"";"inprogress";"";"";""
"Seine-et-Marne (77)";"Voulangis";1499;"CA Coulommiers Pays de Brie";"Franz MOLET";"commune";"done";"BIR";"MAIL";"CM avec le SDESM"
"Seine-et-Marne (77)";"Lumigny-Nesles-Ormeaux";1497;"CC du Provinois";"Pascale LEVAILLANT";"commune";"done";"EIFFAGE";"";"CM "
"Seine-et-Marne (77)";"Chalifert";1482;"CA Marne et Gondoire";"Salvatore SORRENTINO";"commune";"done";"INEDIS";"";"PRESTATAIRE EXTERIEUR (SDESM)"
"Seine-et-Marne (77)";"Moussy-le-Vieux";1476;"CA Roissy Pays de France";"Philippe GOVIGNON";"syndicat";"done";"SYNDICAT : LE SIER DE CLAYE SOUINNY";"";"SDESM"
"Essonne (91)";"Baulne";1468;"CC du Val d'Essonne";"Xavier GUILBERT";"";"inprogress";"";"";""
"Yvelines (78)";"Bazainville";1456;"CC du Pays Houdanais";"Daniel FEREDIE";"";"done";"SES";"";""
"Seine-et-Marne (77)";"Condé-Sainte-Libiaire";1438;"CA Marne et Gondoire";"Fabrice MARCILLY";"";"callback";"";"";""
"Seine-et-Marne (77)";"Grez-sur-Loing";1436;"CC les Portes Briardes Entre Villes et Forêts";"Carlo CARBONE";"syndicat";"done";"SDESM";"";""
"Yvelines (78)";"Thoiry";1432;"CC Cur d'Yvelines";"Anne FRELAUT-N'DIAYE";"";"callback";"";"";"rappeler à 14h"
"Seine-et-Marne (77)";"La Chapelle-Gauthier";1420;"CC Brie des Rivières et Châteaux";"Farid MEBARKI";"";"inprogress";"";"";""
"Essonne (91)";"Vaugrigneuse";1417;"CC du Pays de Limours";"Élodie CRÉPIN";"";"inprogress";"";"";""
"Seine-et-Marne (77)";"Mortcerf";1416;"CC Val Briard";"Christian BOUVIER";"syndicat";"done";"SDESM";"CONVENTION";""
"Yvelines (78)";"Saint-Léger-en-Yvelines";1412;"CA Rambouillet Territoires";"Virginie MADELAINE";"";"refused";"";"";""
"Seine-et-Marne (77)";"Villeneuve-Saint-Denis";1398;"CA Val d'Europe Agglomération";"Patrick RAOULT";"";"callback";"";"";""
"Yvelines (78)";"Dammartin-en-Serve";1394;"CU Grand Paris Seine et Oise";"Ghislaine SIWICK";"";"done";"GPSEO";"";""
"Seine-et-Marne (77)";"Fublaines";1391;"CC Pays de Nemours";"Déborah COURTOIS";"syndicat";"done";"SDESM";"";""
"Seine-et-Marne (77)";"Changis-sur-Marne";1386;"CC des Deux Morin";"Jean-François BERGAMINI";"";"inprogress";"";"";""
"Seine-et-Marne (77)";"Courpalay";1385;"CC Val Briard";"Élisabeth GARNOT";"";"inprogress";"";"";""
"Seine-et-Marne (77)";"Montigny-Lencoup";1384;"CC Brie Nangissienne";"Roger DENORMANDIE";"";"inprogress";"";"";""
"Seine-et-Marne (77)";"Chamigny";1378;"CC des Deux Morin";"Xavier NICOLAS";"";"inprogress";"";"";""
"Val-d'Oise (95)";"Us";1374;"CC du Vexin-Val de Seine";"Jhondy BOURGIN";"";"todo";"";"";""
"Seine-et-Marne (77)";"Moisenay";1371;"CA Roissy Pays de France";"Marie MAUGERE";"";"inprogress";"";"";""
"Seine-et-Marne (77)";"Penchard";1354;"CA du Pays de Meaux";"Marc ROUQUETTE";"commune";"done";"BIR";"";"CM RENOUVELLE CHAQUE ANNÉE"
"Seine-et-Marne (77)";"Germigny-l'Évêque";1345;"CC Moret Seine et Loing";"Aline MARIE-MELLARE";"syndicat";"done";"SDESM";"";""
"Yvelines (78)";"Chapet";1344;"CU Grand Paris Seine et Oise";"Benoît DE LAURENS";"";"done";"GPSEO";"";""
"Essonne (91)";"Boissy-le-Cutté";1343;"CC du Val d'Essonne";"Jean-François MAUGÉ";"";"inprogress";"";"";""
"Seine-et-Marne (77)";"Gouaix";1335;"CC Gâtinais Val de Loing";"Jean-Paul FÉNOT";"syndicat";"done";"SDESM";"";""
"Yvelines (78)";"Médan";1322;"CU Grand Paris Seine et Oise";"Karine KAUFFMANN";"";"done";"GPSEO";"";""
"Essonne (91)";"Roinville";1314;"CC du Dourdannais en Hurepoix";"Guillaume BELLINELLI";"";"inprogress";"";"";""
"Yvelines (78)";"Les Bréviaires";1311;"CA Rambouillet Territoires";"Thierry ELBHAR";"";"refused";"";"";""
"Seine-et-Marne (77)";"Choisy-en-Brie";1308;"CA Coulommiers Pays de Brie";"Daniel TALFUMIER";"syndicat";"done";"Bouygues";"cm ";""
"Seine-et-Marne (77)";"Liverdy-en-Brie";1306;"CA Melun Val de Seine";"Hugues MARCELOT";"";"inprogress";"";"";""
"Val-d'Oise (95)";"Seraincourt";1305;"CC du Vexin-Val de Seine";"Candice ENEE";"";"todo";"";"";""
"Val-d'Oise (95)";"Cormeilles-en-Vexin";1297;"CC du Vexin-Val de Seine";"Vincent IBRELISLE";"";"todo";"";"";""
"Yvelines (78)";"Gazeran";1288;"CA Rambouillet Territoires";"Stéphane PETIT";"";"done";"NON COMMUNIQUÉ";"";""
"Seine-et-Marne (77)";"Saint-Jean-les-Deux-Jumeaux";1285;"CA Coulommiers Pays de Brie";"Laurence MIFFRE-PERETTI";"";"callback";"";"";""
"Essonne (91)";"Breux-Jouy";1283;"CA Cur d'Essonne";"Alberto RODRIGUES";"";"inprogress";"";"";""
"Essonne (91)";"Moigny-sur-École";1279;"CC des Deux Vallées";"Pascal SIMONNOT";"";"inprogress";"";"";""
"Yvelines (78)";"Les Alluets-le-Roi";1273;"CA Saint-Germain Boucles de Seine";"Veronique HOUILLIER";"";"done";"GPSEO";"";""
"Seine-et-Marne (77)";"Barbizon";1265;"CA du Pays de Fontainebleau";"Gérard TAPONAT";"";"inprogress";"";"";""
"Yvelines (78)";"Galluis";1263;"CC Cur d'Yvelines";"Xavier ADAM";"";"done";"PF LIGHTING";"";"CM + Bailleur"
"Val-d'Oise (95)";"Moisselles";1261;"CA Plaine Vallée";"Véronique RIBOUT";"";"todo";"";"";""
"Seine-et-Marne (77)";"Férolles-Attilly";1255;"CA du Pays de Fontainebleau";"Anne-Laure FONTBONNE";"";"inprogress";"";"";""
"Seine-et-Marne (77)";"La Celle-sur-Morin";1251;"CA Coulommiers Pays de Brie";"Jacqueline SCHAUFLER";"";"inprogress";"";"";""
"Essonne (91)";"Auvers-Saint-Georges";1250;"CC Entre Juine et Renarde";"Isabelle RIFFET";"";"inprogress";"";"";""
"Yvelines (78)";"Condé-sur-Vesgre";1250;"CC du Pays Houdanais";"Florence LION";"";"done";"PS LIGHTING";"";"CM "
"Seine-et-Marne (77)";"Dammartin-sur-Tigeaux";1249;"CA Coulommiers Pays de Brie";"Angélique MERCIER";"syndicat";"done";"SDESM";"";""
"Seine-et-Marne (77)";"Cély";1241;"CA du Pays de Fontainebleau";"Francis GUERRIER";"commune";"done";"SPIE";"";"CM avec le SDESM"
"Seine-et-Marne (77)";"Favières";1239;"CA Coulommiers Pays de Brie";"Patricia BORG";"syndicat";"done";"SDESM";"";""
"Seine-et-Marne (77)";"Solers";1231;"CC Val Briard";"Gilles GROSLEVIN";"";"callback";"";"";""
"Seine-et-Marne (77)";"Touquin";1221;"CC Val Briard";"Sophie CHEVRINAIS-GABRIELE";"";"callback";"";"";""
"Essonne (91)";"Brières-les-Scellés";1218;"CA Étampois Sud-Essonne";"Françis TEYCHINE";"";"inprogress";"";"";""
"Seine-et-Marne (77)";"Neufmoutiers-en-Brie";1216;"CC Val Briard";"Pietro GUATIERI";"syndicat";"done";"ENEDIS";"";"SDESM"
"Seine-et-Marne (77)";"Lorrez-le-Bocage-Préaux";1213;"CC du Provinois";"Claude BICHEREL";"";"inprogress";"";"";""
"Seine-et-Marne (77)";"Messy";1213;"CA Roissy Pays de France";"Carlos NETO";"";"inprogress";"";"";""
"Val-d'Oise (95)";"Valmondois";1208;"CC Sausseron Impressionnistes";"Laurent DE GAULLE";"";"todo";"";"";""
"Essonne (91)";"Soisy-sur-École";1207;"CC des Deux Vallées";"Franck LEFÈVRE";"";"done";"SATELEC";"";"CM "
"Seine-et-Marne (77)";"Armentières-en-Brie";1196;"CC du Pays de l'Ourcq";"Jean-Bernard SOUDAN";"";"inprogress";"";"";""
"Seine-et-Marne (77)";"Coutevroult";1194;"CA Coulommiers Pays de Brie";"Jean-Jacques PREVOST";"";"inprogress";"";"";""
"Yvelines (78)";"Thiverval-Grignon";1192;"CC Gally-Mauldre";"Nadine GOHARD";"";"done";"NE SAIS PAS";"";""
"Val-d'Oise (95)";"Bonneuil-en-France";1185;"CA Roissy Pays de France";"Abdellah BENOUARET";"";"todo";"";"";""
"Essonne (91)";"Les Granges-le-Roi";1183;"CC du Dourdannais en Hurepoix";"Pierre VALLEE";"";"inprogress";"";"";""
"Seine-et-Marne (77)";"Boissise-la-Bertrand";1181;"CA Melun Val de Seine";"Olivier DELMER";"syndicat";"done";"SPIE";"";"SDESM"
"Seine-et-Marne (77)";"Gouvernes";1178;"CC Bassée-Montois";"Nathalie TORTRAT";"";"inprogress";"";"";""
"Seine-et-Marne (77)";"Salins";1171;"CC Moret Seine et Loing";"Georges BÉNARD";"";"inprogress";"";"";""
"Seine-et-Marne (77)";"Voisenon";1167;"CA Melun Val de Seine";"Julien AGUIN";"";"callback";"";"01 60 68 29 00";""
"Seine-et-Marne (77)";"Villiers-Saint-Georges";1165;"CC Val Briard";"Tony PITA";"";"callback";"";"";""
"Yvelines (78)";"Toussus-le-Noble";1157;"CA Versailles Grand Parc";"Vanessa AUROY";"";"done";"NON COMMUNIQUÉ";"";"CM"
"Seine-et-Marne (77)";"Beaumont-du-Gâtinais";1155;"CC Pays de Nemours";"Nicolas POZO";"";"inprogress";"";"";""
"Seine-et-Marne (77)";"Achères-la-Forêt";1154;"CA du Pays de Fontainebleau";"Vanessa PIEL";"";"inprogress";"";"";""
"Seine-et-Marne (77)";"Guermantes";1148;"CC Pays de Nemours";"Annie VIARD";"";"inprogress";"";"";""
"Seine-et-Marne (77)";"Sammeron";1143;"CC des Deux Morin";"Christian DUPONT";"";"callback";"";"";""
"Yvelines (78)";"Tacoignières";1143;"CC du Pays Houdanais";"Thierry LEVACHER";"";"done";"SES";"";"CM + Bailleur"
"Seine-et-Marne (77)";"Isles-lès-Villenoy";1140;"CC du Pays de l'Ourcq";"Arnaud PLOUY";"";"inprogress";"";"";""
"Val-d'Oise (95)";"Vigny";1137;"CC du Vexin-Val de Seine";"Vanessa LEGAIGNEUR";"";"todo";"";"";""
"Yvelines (78)";"Aulnay-sur-Mauldre";1137;"CC Gally-Mauldre";"Philippe LE PÊCHEUR";"";"refused";"";"";""
"Seine-et-Marne (77)";"Villeneuve-sur-Bellot";1136;"CA Coulommiers Pays de Brie";"Cécile LIQUOT";"syndicat";"done";"SDESM";"";""
"Seine-et-Marne (77)";"Sivry-Courtry";1122;"CC Brie des Rivières et Châteaux";"Aline HELLIAS";"";"callback";"";"";"14H30"
"Seine-et-Marne (77)";"Mary-sur-Marne";1114;"CC Pays de Montereau";"Sylvain GRENIER";"";"inprogress";"";"";""
"Val-d'Oise (95)";"Ableiges";1108;"CC du Vexin-Val de Seine";"Patrick PELLETIER";"";"todo";"";"";""
"Seine-et-Marne (77)";"Doue";1108;"CA Coulommiers Pays de Brie";"Jean-Jacques NIVARD";"";"inprogress";"";"";""
"Essonne (91)";"Chamarande";1104;"CC Entre Juine et Renarde";"José ELEUTERIO";"";"inprogress";"";"";""
"Seine-et-Marne (77)";"Saint-Sauveur-sur-École";1103;"CA du Pays de Fontainebleau";"Laurence DUFIET";"";"inprogress";"";"";"9h15"
"Essonne (91)";"Villiers-le-Bâcle";1097;"CA Communauté Paris-Saclay";"Bertrand BILLON";"";"inprogress";"";"";""
"Val-d'Oise (95)";"Sagy";1096;"CC du Vexin-Val de Seine";"Guy PARIS";"";"todo";"";"";""
"Yvelines (78)";"Oinville-sur-Montcient";1095;"CU Grand Paris Seine et Oise";"Didier GAULARD";"";"done";"GPSEO";"";""
"Yvelines (78)";"Aigremont";1083;"CA Saint-Germain Boucles de Seine";"Marie-Claude MÈGE";"";"refused";"";"";""
"Yvelines (78)";"Nézel";1083;"CU Grand Paris Seine et Oise";"Dominique TURPIN";"";"done";"GPSEO";"";""
"Seine-et-Marne (77)";"Villemaréchal";1082;"CC Gâtinais Val de Loing";"Nathalie LIGNON CACHET";"";"inprogress";"";"";""
"Yvelines (78)";"Guernes";1075;"CU Grand Paris Seine et Oise";"Jean-François MESSIN";"";"done";"GPSEO";"";""
"Seine-et-Marne (77)";"Ussy-sur-Marne";1074;"CC des Deux Morin";"Sylvie LUCAS";"";"callback";"";"";"14h30"
"Seine-et-Marne (77)";"Fontenailles";1070;"CC Brie des Rivières et Châteaux";"Ghislaine HARSCOËT";"syndicat";"done";"EIFFAGE";"";"SDESM"
"Seine-et-Marne (77)";"Luzancy";1070;"CC Val Briard";"Joelle CANINI";"commune";"done";"STELEC";"";"CM 4 ans qui vient de renouvelé "
"Seine-et-Marne (77)";"Châtenay-sur-Seine";1054;"CC Bassée-Montois";"Stéphanie BANOS";"";"inprogress";"";"";""
"Yvelines (78)";"Maulette";1049;"CC du Pays Houdanais";"Stéphane GORNÈS";"";"refused";"";"";""
"Seine-et-Marne (77)";"Chevru";1047;"CC des Deux Morin";"Michaël GEHANNIN";"";"inprogress";"";"";"SDESM"
"Essonne (91)";"Avrainville";1045;"CA Cur d'Essonne";"Philippe LE FOL";"";"inprogress";"";"";""
"Val-d'Oise (95)";"Seugy";1044;"CC Carnelle Pays-de-France";"Véronique MAGNIER";"";"todo";"";"";""
"Essonne (91)";"Chalo-Saint-Mars";1042;"CA Étampois Sud-Essonne";"Christine BOURREAU";"";"inprogress";"";"";""
"Seine-et-Marne (77)";"Valence-en-Brie";1040;"CC Brie des Rivières et Châteaux";"Pierre RACINE";"";"inprogress";"";"";""
"Seine-et-Marne (77)";"Chambry";1038;"CA du Pays de Meaux";"Dominique DELAHAYE";"";"inprogress";"";"";""
"Essonne (91)";"Oncy-sur-École";1031;"CC des Deux Vallées";"Bruno DELECOUR";"";"inprogress";"";"";""
"Seine-et-Marne (77)";"Le Mesnil-Amelot";1016;"CC des Deux Morin";"Alain AUBRY";"";"inprogress";"";"";"rappeler vers :14h-14h30"
"Seine-et-Marne (77)";"Chauffry";1014;"CC des Deux Morin";"Patrick LEJONC";"";"inprogress";"";"";""
"Seine-et-Marne (77)";"Grandpuits-Bailly-Carrois";1014;"CC Pays de Montereau";"Jean-Jacques BRICHET";"syndicat";"done";"Eiffage Energie";"";"SDESM"
"Seine-et-Marne (77)";"Saint-Denis-lès-Rebais";1012;"CA Coulommiers Pays de Brie";"Corinne PROFIT";"";"callback";"";"";""
"Yvelines (78)";"Raizeux";1011;"CA Rambouillet Territoires";"Laurence JOYEUX";"";"done";"PF LIGHTING";"";""
"Seine-et-Marne (77)";"Rouvres";1005;"CC du Provinois";"Eric JOURNAUX";"syndicat";"done";"BIR";"";"SDESM"
"Seine-et-Marne (77)";"Fontaine-le-Port";1003;"CC Bassée-Montois";"Nicolas CEDILLE";"";"inprogress";"";"";"9h"
"Yvelines (78)";"Dampierre-en-Yvelines";1000;"CA Rambouillet Territoires";"Claire-Elise CAUZOT";"";"refused";"";"";""
"Yvelines (78)";"Tessancourt-sur-Aubette";998;"CU Grand Paris Seine et Oise";"Paulette FAVROU";"";"done";"GPSEO";"";""
"Yvelines (78)";"Orcemont";995;"CA Rambouillet Territoires";"Nathalie TATIN";"";"callback";"";"";"rappeler à 17h"
"Seine-et-Marne (77)";"Arbonne-la-Forêt";992;"CA du Pays de Fontainebleau";"Anthony VAUTIER";"syndicat";"done";"SPIE";"";"CM par le biais : SDESM"
"Yvelines (78)";"Auteuil";991;"CC Cur d'Yvelines";"Patrick JONIEC";"";"done";"SEIP";"";""
"Seine-et-Marne (77)";"Saint-Rémy-de-la-Vanne";981;"CA Coulommiers Pays de Brie";"Angéline DHORBAIT";"syndicat";"done";"Bouygues";"";"CM renouvelé tous les ans avec le SDESM"
"Yvelines (78)";"Saint-Hilarion";977;"CA Rambouillet Territoires";"Antoine GIACOMOTTO";"";"done";"ELEC3D";"";""
"Essonne (91)";"Vayres-sur-Essonne";969;"CC des Deux Vallées";"Jocelyne BOITON";"";"inprogress";"";"";""
"Yvelines (78)";"Saulx-Marchais";965;"CC Cur d'Yvelines";"Raymond QUINTOIS";"";"done";"";"";""
"Val-d'Oise (95)";"Saint-Clair-sur-Epte";964;"CC du Vexin-Val de Seine";"Christophe DEPONT";"";"todo";"";"";""
"Seine-et-Marne (77)";"Bernay-Vilbert";961;"CC Val Briard";"Sandrine RENÉ";"commune";"done";"Total energie";"";"CM gerer par syndicat de 5 ans: SDESM"
"Seine-et-Marne (77)";"Maisoncelles-en-Brie";958;"CA Coulommiers Pays de Brie";"Cédric THOMAS";"syndicat";"done";"BIR";"";"ils addèrent par le SDESM "
"Seine-et-Marne (77)";"Yèbles";958;"CC Brie des Rivières et Châteaux";"Marième TAMATA-VARIN-WATT";"";"inprogress";"";"";"17h"
"Yvelines (78)";"Le Tremblay-sur-Mauldre";957;"CC Cur d'Yvelines";"Françoise CHANCEL";"";"callback";"";"";"Lundi à 10h"
"Seine-et-Marne (77)";"Fresnes-sur-Marne";956;"CC Brie des Rivières et Châteaux";"Jean LEFORT";"";"inprogress";"";"";""
"Val-d'Oise (95)";"Bray-et-Lû";954;"CC du Vexin-Val de Seine";"Corine BEAUFILS";"";"todo";"";"";""
"Essonne (91)";"Saint-Cyr-sous-Dourdan";952;"CC du Dourdannais en Hurepoix";"Jean-Pierre MOULIN";"";"inprogress";"";"";""
"Seine-et-Marne (77)";"Pamfou";950;"CC Brie des Rivières et Châteaux";"Pierre-François PRIOUX";"syndicat";"done";"Eiffage";"";"CM par le SDESM"
"Yvelines (78)";"Fontenay-Saint-Père";948;"CU Grand Paris Seine et Oise";"Thierry JOREL";"";"done";"Pas de contrat (prefere gerer seul)";"";""
"Seine-et-Marne (77)";"Aubepierre-Ozouer-le-Repos";946;"CC Brie des Rivières et Châteaux";"Brigitte JACQUEMOT";"";"inprogress";"";"";""
"Yvelines (78)";"Orvilliers";946;"CC du Pays Houdanais";"Marie FLIS";"";"done";"GPSEO";"";""
"Seine-et-Marne (77)";"Bombon";944;"CC Brie des Rivières et Châteaux";"Christine DELENIN";"syndicat";"done";"Eiffage Energie";"";"CM par le SDESM"
"Seine-et-Marne (77)";"Citry";941;"CC des Deux Morin";"Laurette DECAMPENAIRE";"";"inprogress";"";"";""
"Yvelines (78)";"Hermeray";941;"CA Rambouillet Territoires";"Evelyne MARCHAL";"";"inprogress";"";"";"J'ATTEND LA REPONSE"
"Essonne (91)";"Ormoy-la-Rivière";940;"CA Étampois Sud-Essonne";"Michaël MERIGOT";"";"inprogress";"";"";""
"Yvelines (78)";"Arnouville-lès-Mantes";940;"CU Grand Paris Seine et Oise";"Véronique ROYER-LUCOTTE";"";"done";"GPSEO";"";""
"Yvelines (78)";"Moisson";936;"CU Grand Paris Seine et Oise";"Cécile DEBON";"";"done";"GPSEO";"";""
"Seine-et-Marne (77)";"Beton-Bazoches";935;"CC du Provinois";"Anicet VESAIGNE";"";"callback";"";"";"Rappeler demain : 9h"
"Yvelines (78)";"Saint-Martin-la-Garenne";929;"CU Grand Paris Seine et Oise";"Stephan CHAMPAGNE";"";"done";"GPSEO";"";""
"Val-d'Oise (95)";"Le Mesnil-Aubry";914;"CA Roissy Pays de France";"Martine BIDEL";"";"todo";"";"";""
"Yvelines (78)";"Sainte-Mesme";913;"CA Rambouillet Territoires";"Isabelle COPETTI";"";"done";"PRUNEVIEILLE";"";""
"Yvelines (78)";"Neauphle-le-Vieux";911;"CC Cur d'Yvelines";"Denise PLANCHON";"";"done";"INEO";"";""
"Seine-et-Marne (77)";"Saint-Siméon";908;"CA Coulommiers Pays de Brie";"Benoît AUTEREAU";"";"inprogress";"";"";"SDESM"
"Val-d'Oise (95)";"Ronquerolles";907;"CC Sausseron Impressionnistes";"Patrick PRÉMEL";"";"todo";"";"";""
"Seine-et-Marne (77)";"Darvault";907;"CA du Pays de Fontainebleau";"Fabrice JEULIN";"";"inprogress";"";"";""
"Essonne (91)";"Saint-Yon";905;"CC Entre Juine et Renarde";"Alexandre TOUZET";"";"inprogress";"";"";""
"Seine-et-Marne (77)";"May-en-Multien";904;"CA Roissy Pays de France";"Alain FORESTIER";"syndicat";"done";"Fournisseur : Total Energie ; BIR intervient armoire";"";"CM avec le SDESM"
"Val-d'Oise (95)";"Nointel";903;"CC Carnelle Pays-de-France";"Martine LEGRAND";"";"todo";"";"";""
"Seine-et-Marne (77)";"Thieux";902;"CC Plaines et Monts de France";"Fabrice CUYPERS";"commune";"done";"BIR";"";"CM PAR LE SDESM"
"Essonne (91)";"Guibeville";900;"CA Cur d'Essonne";"Thierry RATONI";"";"callback";"";"";"Coeur d'Essonne Agglomération"
"Yvelines (78)";"Poigny-la-Forêt";900;"CA Rambouillet Territoires";"Thierry CONVERT";"";"refused";"";"";""
"Seine-et-Marne (77)";"La Chapelle-Rablais";899;"CC Brie des Rivières et Châteaux";"Patrick CHRUSCIELSKI";"";"inprogress";"";"MAIL";"13h30"
"Yvelines (78)";"Grosrouvre";895;"CC Cur d'Yvelines";"Isabelle RAMAIN";"";"todo";"";"";""
"Val-d'Oise (95)";"Boisemont";892;"CA de Cergy-Pontoise";"Stéphanie CHORIN";"agglo";"inprogress";"CITEOS, ENTRA ET SPIR CITY NETWORK";"";""
"Yvelines (78)";"Émancé";891;"CA Rambouillet Territoires";"Mathilde DES NOËS";"";"done";"QUECKENBORN";"";""
"Seine-et-Marne (77)";"Bazoches-lès-Bray";889;"CC Bassée-Montois";"Eric CHARLE";"";"inprogress";"";"MAIL";"13h30"
"Yvelines (78)";"Blaru";889;"CU Grand Paris Seine et Oise";"Joëlle ROLLIN";"";"done";"GPSEO";"";""
"Seine-et-Marne (77)";"Esmans";888;"CA Marne et Gondoire";"Jean-Jacques BERNARD";"syndicat";"done";"";"";"CM gerer par le SDESM"
"Seine-et-Marne (77)";"Vaudoy-en-Brie";887;"CC Brie Nangissienne";"Béatrice L'ECUYER";"syndicat";"done";"EIffage";"";"CM par le SDESM"
"Yvelines (78)";"Rochefort-en-Yvelines";883;"CA Rambouillet Territoires";"Stéphanie CAILLARD";"";"done";"QUECKENBORN";"";""
"Yvelines (78)";"Orphin";880;"CA Rambouillet Territoires";"Jacques LENTZ";"";"done";"QUECKENBORN";"";""
"Val-d'Oise (95)";"Saint-Gervais";878;"CC du Vexin-Val de Seine";"Lionel DE BECKER";"";"todo";"";"";""
"Essonne (91)";"Guigneville-sur-Essonne";876;"CC du Val d'Essonne";"Gilles LE PAGE";"";"inprogress";"";"";""
"Yvelines (78)";"Les Mesnuls";876;"CC Cur d'Yvelines";"Michel ROUX";"";"callback";"";"";"Lundi à 9h"
"Val-d'Oise (95)";"Avernes";871;"CC du Vexin-Val de Seine";"Nicolas PASTERNAK";"";"todo";"";"";""
"Seine-et-Marne (77)";"Saint-Loup-de-Naud";869;"CC du Provinois";"Christophe POUYES";"syndicat";"done";"Bouygues";"";"CM géré par le SDESM"
"Seine-et-Marne (77)";"Misy-sur-Yonne";868;"CA Roissy Pays de France";"Sébastien BORG";"";"inprogress";"";"";"14H"
"Seine-et-Marne (77)";"Ury";864;"CA du Pays de Fontainebleau";"Jean-Philippe POMMERET";"";"done";"SPIE";"";"CM "
"Val-d'Oise (95)";"Villiers-Adam";858;"CC Carnelle Pays-de-France";"Vincent BARRAILLER";"";"todo";"";"";""
"Seine-et-Marne (77)";"Maison-Rouge";858;"CC Brie des Rivières et Châteaux";"Pierre CAUMARTIN";"syndicat";"done";"";"";"SDESM"
"Yvelines (78)";"Neauphlette";856;"CC Portes de l'Île-de-France";"Jean-Luc KOKELKA";"";"done";"VIALUM";"";""
"Yvelines (78)";"Villiers-le-Mahieu";856;"CC Cur d'Yvelines";"Patrick BOURDEAUX";"";"callback";"";"";"Lundi à 10h"
"Seine-et-Marne (77)";"Les Ormes-sur-Voulzie";855;"CC du Provinois";"Yannick MAURY";"";"inprogress";"";"";"8h30"
"Val-d'Oise (95)";"Aincourt";854;"CC du Vexin-Val de Seine";"Jean-Bernard TECHER";"";"todo";"";"";""
"Essonne (91)";"Dannemois";854;"CC des Deux Vallées";"Richard Heysen";"";"inprogress";"";"";""
"Yvelines (78)";"Vert";851;"CU Grand Paris Seine et Oise";"Jocelyne REYNAUD-LEGER";"";"done";"GPSEO";"";""
"Val-d'Oise (95)";"Vétheuil";849;"CC du Vexin-Val de Seine";"Dominique HERPIN-POUMENAT";"";"todo";"";"";""
"Seine-et-Marne (77)";"Pécy";846;"CC Brie Nangissienne";"Charles-Alexandre CARON DE FROMENTEL";"syndicat";"done";"Eiffage Energie";"";"Oui par le SDESM et un EPCI"
"Yvelines (78)";"Prunay-en-Yvelines";841;"CA Rambouillet Territoires";"Jean-Louis CHAPART";"";"done";"QUECKENBORN";"";""
"Yvelines (78)";"Clairefontaine-en-Yvelines";840;"CA Rambouillet Territoires";"Fabien DAURAT";"";"done";"QUECKENBORN";"";""
"Seine-et-Marne (77)";"Saint-Ouen-en-Brie";833;"CC Brie Nangissienne";"Yannick GUILLO";"";"inprogress";"";"";""
"Seine-et-Marne (77)";"Soisy-Bouy";832;"CC du Provinois";"Jean-Patrick SOTTIEZ";"syndicat";"done";"ENEDIS";"";"CM AVEC LE SDESM"
"Seine-et-Marne (77)";"Chaintreaux";831;"CC Pays de Nemours";"Lisa MORETTI";"";"inprogress";"";"";""
"Seine-et-Marne (77)";"Rampillon";831;"CC du Provinois";"Sébastien COUPAS";"commune";"done";"EIFFAGE SUCCÉDANT À SPIE";"";"CM AVEC LE SDESM"
"Seine-et-Marne (77)";"Ville-Saint-Jacques";828;"CC Moret Seine et Loing";"Philippe PERADON";"";"inprogress";"";"";""
"Seine-et-Marne (77)";"Boutigny";825;"CA Coulommiers Pays de Brie";"Vincent MENOT";"commune";"done";"EDF";"";"CM "
"Yvelines (78)";"La Celle-les-Bordes";825;"CA Rambouillet Territoires";"Hugues SAISY";"";"callback";"";"";"rappeler à 14h"
"Seine-et-Marne (77)";"Étrépilly";822;"CC Pays de Montereau";"Bernadette BEAUVAIS";"";"inprogress";"";"";""
"Seine-et-Marne (77)";"Compans";820;"CA Roissy Pays de France";"Joël MARION";"";"inprogress";"";"MAIL ";"13H30"
"Seine-et-Marne (77)";"Reuil-en-Brie";816;"CC des Deux Morin";"Dominique RENERD";"";"inprogress";"";"";""
"Seine-et-Marne (77)";"La Genevraye";814;"CC Brie Nangissienne";"Agnes DUCREUX";"";"inprogress";"";"";"SDESM"
"Essonne (91)";"Guillerval";813;"CA Étampois Sud-Essonne";"Georges BONTEMPS";"";"inprogress";"";"";""
"Seine-et-Marne (77)";"Amillis";811;"CA Coulommiers Pays de Brie";"Pascale TASD'HOMME";"";"inprogress";"";"";""
"Seine-et-Marne (77)";"Champeaux";810;"CC Brie des Rivières et Châteaux";"Yves LAGÜES-BAGET";"";"inprogress";"";"";""
"Seine-et-Marne (77)";"Saint-Brice";810;"CC du Provinois";"Marie-Pierre MOTHRÉ";"";"inprogress";"";"";""
"Seine-et-Marne (77)";"Gressy";800;"CC Bassée-Montois";"Jean-Claude GENIES";"";"inprogress";"";"";""
"Seine-et-Marne (77)";"Isles-les-Meldeuses";799;"CC Gâtinais Val de Loing";"Frederic MAAS";"";"inprogress";"";"";""
"Yvelines (78)";"Lainville-en-Vexin";797;"CU Grand Paris Seine et Oise";"Patrick VANDEZANDE";"";"done";"GPSEO";"";""
"Seine-et-Marne (77)";"Dormelles";790;"CC Bassée-Montois";"Pascal VERRIELE";"";"inprogress";"";"";""
"Seine-et-Marne (77)";"Machault";786;"CC des Deux Morin";"Christian POTEAU";"syndicat";"done";"EIFFAGE";"";"CM AVEC LE SDESM"
"Seine-et-Marne (77)";"Précy-sur-Marne";779;"CA Marne et Gondoire";"Christine AUGRY";"";"inprogress";"";"";""
"Val-d'Oise (95)";"Villaines-sous-Bois";778;"CC Carnelle Pays-de-France";"Patrice ROBIN";"";"todo";"";"";""
"Seine-et-Marne (77)";"Poligny";778;"CC Pays de Nemours";"Gérard GENEVIÈVE";"";"inprogress";"";"";""
"Seine-et-Marne (77)";"Villemer";778;"CC Moret Seine et Loing";"Franck BEAUFRETON";"";"inprogress";"";"";""
"Yvelines (78)";"Marcq";778;"CC Cur d'Yvelines";"Magali MEJEAN";"";"done";"EDF";"";""
"Yvelines (78)";"Jambville";777;"CU Grand Paris Seine et Oise";"Jean-Marie RIPART";"";"done";"GPSEO";"";""
"Seine-et-Marne (77)";"Blandy";775;"CC Brie des Rivières et Châteaux";"Patrice MOTTÉ";"agglo";"done";"EIFFAGE ENERGIE";"";"CM VIA LE SDESM"
"Seine-et-Marne (77)";"Bellot";774;"CC des Deux Morin";"Christine REIGNOUX";"syndicat";"done";"SDESM";"";"Syndicat d'énergie qui s'occupe tout : SDESM"
"Seine-et-Marne (77)";"Lesches";772;"CA Coulommiers Pays de Brie";"Nicolas LECLERE";"";"inprogress";"";"";""
"Yvelines (78)";"Évecquemont";771;"CU Grand Paris Seine et Oise";"Christophe NICOLAS";"";"done";"GPSEO";"";""
"Val-d'Oise (95)";"Piscop";768;"CA Plaine Vallée";"Sandrine DRUON-RIOT";"";"todo";"";"";""
"Seine-et-Marne (77)";"Poincy";764;"CA du Pays de Meaux";"Daniel BERTHELIN";"";"inprogress";"";"";""
"Yvelines (78)";"Breuil-Bois-Robert";763;"CC Portes de l'Île-de-France";"Bernard MOISAN";"";"done";"GPSEO";"";""
"Essonne (91)";"Gironville-sur-Essonne";762;"CC des Deux Vallées";"Alain JOYEZ";"";"inprogress";"";"";""
"Essonne (91)";"Villeconin";757;"CC du Pays de Limours";"Jean-Marc FOUCHER";"";"inprogress";"";"";""
"Val-d'Oise (95)";"Nerville-la-Forêt";756;"CC Carnelle Pays-de-France";"Philippe VAN HYFTE";"";"todo";"";"";""
"Yvelines (78)";"La Boissière-École";754;"CC du Pays Houdanais";"Anne-Françoise GAILLOT";"";"done";"EDEF GRDF";"";""
"Seine-et-Marne (77)";"Chalmaison";753;"CC Brie Nangissienne";"Latévi LAWSON";"syndicat";"done";"SDESM";"";""
"Seine-et-Marne (77)";"Buthiers";749;"CA du Pays de Fontainebleau";"Christophe CHAMOREAU";"commune";"done";"INEDIS";"";""
"Seine-et-Marne (77)";"Sablonnières";745;"CA Coulommiers Pays de Brie";"Frédérique DEMAISON";"";"inprogress";"";"";""
"Seine-et-Marne (77)";"Saint-Germain-Laxis";741;"CC Brie des Rivières et Châteaux";"Valérie PRZYSIECKI";"";"inprogress";"";"";""
"Val-d'Oise (95)";"Mareil-en-France";734;"CA Plaine Vallée";"Jean-Marc CAMPIN";"";"todo";"";"";""
"Seine-et-Marne (77)";"Saint-Martin-en-Bière";734;"CA du Pays de Fontainebleau";"Véronique FÉMÉNIA";"";"inprogress";"";"";""
"Yvelines (78)";"Notre-Dame-de-la-Mer";734;"CC Portes de l'Île-de-France";"Jean-Luc MAILLOC";"";"done";"RAOULT";"";""
"Seine-et-Marne (77)";"Le Vaudoué";732;"CA du Pays de Fontainebleau";"Michel CALMY";"";"inprogress";"";"";""
"Seine-et-Marne (77)";"Champdeuil";731;"CC Brie des Rivières et Châteaux";"Eric GERMAIN";"";"inprogress";"";"";""
"Seine-et-Marne (77)";"La Brosse-Montceaux";730;"CC Pays de Montereau";"Alain DEMELUN";"commune";"done";"HELP";"";"CM DE 4 ANS AVEC L'AIDE DU SDESM"
"Essonne (91)";"Mondeville";729;"CC du Val d'Essonne";"Stéphane GRENAULT";"";"inprogress";"";"";""
"Seine-et-Marne (77)";"Bougligny";722;"CC Gâtinais Val de Loing";"Sandra TIMBERT";"syndicat";"done";"SOMELEC";"";"CM AVEC LE SDESM"
"Seine-et-Marne (77)";"Villecerf";722;"CC Moret Seine et Loing";"Mélanie LAMOTTE";"syndicat";"done";"SATELEC";"";"CM avec le SDESM"
"Essonne (91)";"Écharcon";720;"CC du Val d'Essonne";"Olivier PESCE";"";"inprogress";"";"";""
"Seine-et-Marne (77)";"Montgé-en-Goële";720;"CC Plaines et Monts de France";"Pascal HIRAUX";"commune";"done";"BIR";"";"CM "
"Val-d'Oise (95)";"Nucourt";719;"CC du Vexin-Val de Seine";"Ghislaine JOURNÉE";"";"todo";"";"";""
"Seine-et-Marne (77)";"Larchant";713;"CA Marne et Gondoire";"Jean-Luc GREGOIRE";"syndicat";"done";"SOMELEC";"";"CM DE 3 ANS AVEC LE SDESM"
"Yvelines (78)";"Soindres";713;"CU Grand Paris Seine et Oise";"Jacky LAVIGOGNE";"";"done";"GPSEO";"";""
"Seine-et-Marne (77)";"Châtres";711;"CC Val Briard";"Herminia BENOTMANE";"";"inprogress";"";"";""
"Val-d'Oise (95)";"Grisy-les-Plâtres";709;"CC du Vexin-Val de Seine";"Catherine CARPENTIER";"";"todo";"";"";""
"Yvelines (78)";"Jeufosse";707;"";"Jean-Luc MAILLOC";"";"done";"RAOULT";"";""
"Seine-et-Marne (77)";"Gastins";703;"CC Pays de Nemours";"Arnaud POMMIER";"syndicat";"done";"EIFFAGE ENERGIE";"";"CM 3 ANS APRES 2027 AVEC SDESM"
"Seine-et-Marne (77)";"Bussy-Saint-Martin";702;"CA Marne et Gondoire";"Patrick AUVRELE";"";"inprogress";"";"";""
"Seine-et-Marne (77)";"Villeroy";699;"CC Plaines et Monts de France";"Benoît CODRON";"";"inprogress";"";"";""
"Seine-et-Marne (77)";"Méry-sur-Marne";696;"CC du Provinois";"Sami SEDDIK";"";"inprogress";"";"";""
"Yvelines (78)";"Ponthévrard";696;"CA Rambouillet Territoires";"Nathalia BRICAUD";"";"refused";"";"";""
"Essonne (91)";"Boissy-le-Sec";693;"CA Étampois Sud-Essonne";"PATRICE KOPACZ";"";"inprogress";"";"";""
"Seine-et-Marne (77)";"Nanteau-sur-Lunain";689;"CC Pays de Nemours";"Jean-François GUIMARD";"";"inprogress";"";"";""
"Seine-et-Marne (77)";"Trilbardou";684;"CA Roissy Pays de France";"Romuald JALA";"";"inprogress";"";"";""
"Yvelines (78)";"Mousseaux-sur-Seine";684;"CU Grand Paris Seine et Oise";"Gérard OURS-PRISBIL";"";"done";"GPSEO";"";""
"Seine-et-Marne (77)";"Jablines";683;"CC Plaines et Monts de France";"Virgine BAIRE";"commune";"done";"BIR";"CM";""
"Yvelines (78)";"Brueil-en-Vexin";683;"CU Grand Paris Seine et Oise";"Antoine WESTELYNCK";"";"done";"GPSEO";"";""
"Seine-et-Marne (77)";"Vendrest";682;"CC du Pays de l'Ourcq";"Jean-Denis LIMOSIN";"";"inprogress";"";"";""
"Essonne (91)";"Saint-Aubin";681;"CA Communauté Paris-Saclay";"Pierre-Alexandre MOURET";"";"inprogress";"";"";""
"Seine-et-Marne (77)";"Sainte-Aulde";678;"CC des Deux Morin";"Marie-Noëlle STANISLAS";"";"inprogress";"";"";""
"Yvelines (78)";"Saint-Martin-de-Bréthencourt";678;"CC du Pays Houdanais";"Jacky DRAPPIER";"";"done";"PRUNEVIEILLE";"";""
"Yvelines (78)";"Gaillon-sur-Montcient";677;"CU Grand Paris Seine et Oise";"Véronique PIPEAU";"";"done";"GPSEO";"";""
"Yvelines (78)";"Bazoches-sur-Guyonne";674;"CC Cur d'Yvelines";"Dominique NICCO";"";"done";"NON COMMUNIQUÉ";"";""
"Seine-et-Marne (77)";"Chalautre-la-Grande";671;"CC du Provinois";"Marc JACOB";"";"callback";"";"CM";""
"Seine-et-Marne (77)";"La Croix-en-Brie";663;"CC Brie des Rivières et Châteaux";"Damien QUESNEL";"commune";"done";"EIFFAGE ENERGIE";"";"CM "
"Seine-et-Marne (77)";"Mousseaux-lès-Bray";661;"CC Bassée-Montois";"Francis FLAMEY";"syndicat";"done";"HELP";"";"CM 3-5 ANS QUI VIENT D'ETRE RENOUVELLÉ AVEC LE SDESM"
"Seine-et-Marne (77)";"Villiers-sous-Grez";661;"CC Pays de Nemours";"Christine GROETZINGER";"";"inprogress";"";"";""
"Seine-et-Marne (77)";"Orly-sur-Morin";660;"CA Coulommiers Pays de Brie";"Lionel LEGROS";"";"inprogress";"";"";""
"Yvelines (78)";"La Villeneuve-en-Chevrie";660;"CC Portes de l'Île-de-France";"Jean-Luc LEKEUX";"";"callback";"MAIL ENVOYÉ";"";"rappeler à 16h30"
"Val-d'Oise (95)";"Santeuil";658;"CC du Vexin-Val de Seine";"Florent AMBROSINO";"";"todo";"";"";""
"Essonne (91)";"Bouville";658;"CA Étampois Sud-Essonne";"Julie PERINUCCI";"";"inprogress";"";"";""
"Seine-et-Marne (77)";"Bannost-Villegagnon";658;"CC du Provinois";"Alexandre DE MEULENAERE";"";"inprogress";"";"";""
"Yvelines (78)";"Perdreauville";658;"CU Grand Paris Seine et Oise";"Pascal POYER";"";"done";"GPSEO";"";""
"Seine-et-Marne (77)";"Saint-Martin-des-Champs";657;"CC du Pays de l'Ourcq";"Philippe SALAÜN";"";"inprogress";"";"";"17h"
"Seine-et-Marne (77)";"Fleury-en-Bière";656;"CC Gâtinais Val de Loing";"Gilles DAUMAS";"syndicat";"done";"SPIE";"";"CM PAR SDESM"
"Seine-et-Marne (77)";"Quiers";656;"CC Brie des Rivières et Châteaux";"Davy BRUN";"";"inprogress";"";"";""
"Yvelines (78)";"Auffreville-Brasseuil";655;"CC Portes de l'Île-de-France";"Laetitia FAYOLLE";"";"callback";"MAIL ENVOYÉ";"";"rappeler à 14h"
"Yvelines (78)";"Adainville";647;"CC du Pays Houdanais";"Jean-Marc RAIMONDO";"";"done";"PF LIGHTING";"";""
"Val-d'Oise (95)";"Commeny";646;"CC du Vexin-Val de Seine";"Damien RADET";"";"todo";"";"";""
"Essonne (91)";"Janvry";643;"CC du Pays de Limours";"Christian SCHOETTL";"";"inprogress";"";"";""
"Seine-et-Marne (77)";"Thoury-Férottes";643;"CC Gâtinais Val de Loing";"Yves ROY";"";"inprogress";"";"";""
"Yvelines (78)";"Lommoye";643;"CC Portes de l'Île-de-France";"Didier VAN DAMME";"";"callback";"MAIL ENVOYÉ";"";"rappeler à 18h"
"Val-d'Oise (95)";"Labbeville";641;"CC Sausseron Impressionnistes";"Alain DEVILLEBICHOT";"";"todo";"";"";""
"Seine-et-Marne (77)";"Jossigny";641;"CC Bassée-Montois";"Patrick MAILLARD";"";"inprogress";"";"";""
"Yvelines (78)";"Mittainville";641;"CA Rambouillet Territoires";"Corinne ROSTAN";"";"done";"PF LIGHTING";"";""
"Yvelines (78)";"Gommecourt";639;"CU Grand Paris Seine et Oise";"Patrick HEROUIN";"";"done";"GPSEO";"";""
"Yvelines (78)";"Autouillet";636;"CC Cur d'Yvelines";"Timothée SITKO";"";"done";"SOCIETE SES";"";""
"Yvelines (78)";"Goussonville";636;"CU Grand Paris Seine et Oise";"Fabrice LEPINTE";"";"done";"GPSEO";"";""
"Seine-et-Marne (77)";"Verdelot";634;"CA Coulommiers Pays de Brie";"André PARRUITTE";"";"inprogress";"";"";""
"Essonne (91)";"Boullay-les-Troux";632;"CC du Pays de Limours";"Hugues-Alexandre ROUSSEAU";"";"inprogress";"";"";""
"Yvelines (78)";"Boissy-Mauvoisin";632;"CC Portes de l'Île-de-France";"Alain GAGNE";"";"inprogress";"MAIL ENVOYÉ";"";"J'ATTEND LA RÉPONSE"
"Val-d'Oise (95)";"Chaussy";631;"CC du Vexin-Val de Seine";"Michaël ROLLOIS";"";"todo";"";"";""
"Essonne (91)";"Mérobert";630;"CA Étampois Sud-Essonne";"Alain MARTIN";"";"inprogress";"";"";""
"Seine-et-Marne (77)";"Villeneuve-sous-Dammartin";628;"CA Roissy Pays de France";"Isabelle GAUTIER";"";"inprogress";"";"";"CARTF"
"Yvelines (78)";"Guitrancourt";628;"CU Grand Paris Seine et Oise";"Nicolas REGNAULT";"";"done";"GPSEO";"";""
"Yvelines (78)";"Boissy-sans-Avoir";627;"CC Cur d'Yvelines";"Grégoire CORBY";"";"done";"RAOULT";"";""
"Val-d'Oise (95)";"Vallangoujard";625;"CC Sausseron Impressionnistes";"Philippe FABREGES";"";"todo";"";"";""
"Seine-et-Marne (77)";"Montceaux-lès-Meaux";624;"CC Pays de Montereau";"Vincent VYT";"";"inprogress";"";"";""
"Yvelines (78)";"La Falaise";623;"CC Portes de l'Île-de-France";"Maryse DI BERNARDO";"";"done";"GPSEO";"";""
"Seine-et-Marne (77)";"Cocherel";622;"CC du Pays de l'Ourcq";"Pierre EELBODE";"";"inprogress";"";"";""
"Seine-et-Marne (77)";"Hermé";622;"CA du Pays de Fontainebleau";"Ghislain BOURBONNEUX";"";"inprogress";"";"";""
"Essonne (91)";"Valpuiseaux";621;"CC des Deux Vallées";"Jean PERTHUIS";"";"inprogress";"";"";""
"Val-d'Oise (95)";"Arronville";618;"CC Carnelle Pays-de-France";"Frederic GODIN";"";"todo";"";"";""
"Seine-et-Marne (77)";"Recloses";616;"CA du Pays de Fontainebleau";"Sonia RISCO";"";"inprogress";"";"";""
"Seine-et-Marne (77)";"Villeneuve-les-Bordes";616;"CC Brie Nangissienne";"Francis CHAINEAU";"";"inprogress";"";"";"14H30"
"Seine-et-Marne (77)";"Le Plessis-Feu-Aussoux";615;"CC Coulommiers Pays de Brie";"Raynal SOYEZ";"syndicat";"done";"EIFFAGE";"";"CM POUR 2030 AVEC LE SDESM"
"Seine-et-Marne (77)";"Saint-Mesmes";613;"CC Plaines et Monts de France";"Alfred STADLER";"";"inprogress";"";"";"13h45"
"Yvelines (78)";"Jumeauville";613;"CC du Pays Houdanais";"Jean-Claude LANGLOIS";"";"done";"CU GPSEO";"";""
"Yvelines (78)";"Vieille-Église-en-Yvelines";612;"CA Rambouillet Territoires";"Jean Louis DUCHAMP";"";"callback";"MAIL ENVOYÉ";"";""
"Seine-et-Marne (77)";"Les Écrennes";610;"CC Brie Nangissienne";"Jean-Yves LE MÉE";"";"inprogress";"";"";""
"Seine-et-Marne (77)";"Fouju";607;"CC Pays de Montereau";"Jonathan WOCHENMAYER";"";"inprogress";"";"";""
"Seine-et-Marne (77)";"Crisenoy";605;"CC Brie des Rivières et Châteaux";"Manuel SIRERA";"";"inprogress";"";"";""
"Seine-et-Marne (77)";"Marchémoret";604;"CC Gâtinais Val de Loing";"Jean-Louis DURAND";"";"inprogress";"";"";""
"Yvelines (78)";"Boinville-le-Gaillard";604;"CA Rambouillet Territoires";"Bruno BARBÉ";"";"callback";"MAIL ENVOYÉ";"";""
"Val-d'Oise (95)";"Épiais-Rhus";603;"CC du Vexin-Val de Seine";"Brahim MOHA";"";"todo";"";"";""
"Val-d'Oise (95)";"Puiseux-Pontoise";603;"CA de Cergy-Pontoise";"Thierry THOMASSIN";"agglo";"inprogress";"CITEOS, ENTRA ET SPIR CITY NETWORK";"";""
"Seine-et-Marne (77)";"Iverny";603;"CA du Pays de Meaux";"Olivier STEHLIN";"";"inprogress";"";"";""
"Seine-et-Marne (77)";"Flagy";602;"CC des Deux Morin";"Tristan Philippe GREILLOT";"syndicat";"done";"SATELEC";"";"CM DURÉE TOUS LES 3 ANS AVEC LE SDESM"
"Seine-et-Marne (77)";"Signy-Signets";602;"CC des Deux Morin";"Philippe FOURMY REUX";"syndicat";"done";"BIR";"";"CM : 1ER JANVIER 2027 CONTRAT AVEC LE SDESM"
"Seine-et-Marne (77)";"Nonville";601;"CC Pays de Nemours";"Jean Claude BELLIOT";"";"inprogress";"";"";""
"Seine-et-Marne (77)";"Féricy";600;"CC Pays de Nemours";"Jean-Luc GERMAIN";"syndicat";"done";"EIFFAGE ";"";"CM DE 3 ANS PAR LE SDESM"
"Seine-et-Marne (77)";"Noisy-Rudignon";595;"CC Moret Seine et Loing";"Bruce VANNESTE";"";"inprogress";"";"";""
"Essonne (91)";"Villeneuve-sur-Auvers";594;"CC des Deux Vallées";"Martine HUTEAU";"";"inprogress";"";"";""
"Seine-et-Marne (77)";"Savins";593;"CC du Provinois";"Xavier LELIEVRE";"";"inprogress";"";"";""
"Val-d'Oise (95)";"Haravilliers";589;"CC du Haut Val d'Oise";"Olivier BIRON";"";"todo";"";"";""
"Essonne (91)";"Videlles";588;"CC des Deux Vallées";"Gino BERTOL";"";"inprogress";"";"";""
"Val-d'Oise (95)";"Hérouville-en-Vexin";584;"CC du Vexin-Val de Seine";"Eric BAERT";"";"todo";"";"";""
"Essonne (91)";"Morsang-sur-Seine";584;"CA Grand Paris Sud";"Marie-Anne RIGAL";"";"inprogress";"";"";""
"Seine-et-Marne (77)";"Fontaine-Fourches";580;"CA du Pays de Fontainebleau";"Xavier LAMOTTE";"";"inprogress";"";"";""
"Seine-et-Marne (77)";"Léchelle";579;"CC Brie Nangissienne";"Martine LEGRAND";"";"inprogress";"";"";""
"Seine-et-Marne (77)";"Voinsles";577;"CC Brie Nangissienne";"Martine LAFORGE";"";"inprogress";"";"";""
"Yvelines (78)";"Flexanville";576;"CC Cur d'Yvelines";"Didier SAUSSAY";"";"done";"SICAE ELY";"";""
"Seine-et-Marne (77)";"Limoges-Fourches";573;"CA Grand Paris Sud";"Philippe CHARPENTIER";"";"inprogress";"";"";"SDESM"
"Seine-et-Marne (77)";"Coulombs-en-Valois";572;"CC du Pays de l'Ourcq";"Catherine BOUDOT";"";"inprogress";"";"";""
"Seine-et-Marne (77)";"Sept-Sorts";572;"CC des Deux Morin";"Céline MICONI";"";"inprogress";"";"";""
"Essonne (91)";"Courson-Monteloup";570;"CC du Pays de Limours";"Daniel CHAINTREUIL";"";"inprogress";"";"";""
"Seine-et-Marne (77)";"Everly";570;"CC du Pays de l'Ourcq";"Laurence GUERINOT";"";"inprogress";"";"";""
"Val-d'Oise (95)";"Condécourt";564;"CC du Vexin-Val de Seine";"Michel FINET";"";"todo";"";"";""
"Seine-et-Marne (77)";"Gurcy-le-Châtel";564;"CC Brie des Rivières et Châteaux";"Nadine VILLIERS";"";"inprogress";"";"";""
"Seine-et-Marne (77)";"Bussières";561;"CC du Pays de l'Ourcq";"Dominique MACHURÉ";"";"inprogress";"";"";""
"Essonne (91)";"Pecqueuse";558;"CC du Pays de Limours";"Jean-Marc DELAITRE";"";"inprogress";"";"";""
"Seine-et-Marne (77)";"Échouboulains";558;"CC Brie des Rivières et Châteaux";"Marie-Christine RAMARÉ";"syndicat";"inprogress";"EIFFAGE";"";"CM AVEC LE SDESM"
"Seine-et-Marne (77)";"Saint-Germain-sous-Doue";557;"CA Coulommiers Pays de Brie";"Yvan SEVESTRE";"";"inprogress";"";"";""
"Yvelines (78)";"Drocourt";557;"CU Grand Paris Seine et Oise";"Dominique PIERRET";"";"done";"GPSEO";"";""
"Yvelines (78)";"Jouy-Mauvoisin";557;"CU Grand Paris Seine et Oise";"Nadège DELLAROSA";"";"done";"GPSEO";"";""
"Seine-et-Marne (77)";"Courtomer";554;"CC Brie des Rivières et Châteaux";"Cyril BAZZOLI";"";"inprogress";"";"";""
"Val-d'Oise (95)";"Noisy-sur-Oise";549;"CC Carnelle Pays-de-France";"Catherine BORGNE";"";"todo";"";"";""
"Seine-et-Marne (77)";"Chalautre-la-Petite";549;"CC du Provinois";"Chantal BELLACHE";"";"inprogress";"";"";""
"Yvelines (78)";"Goupillières";549;"CU Grand Paris Seine et Oise";"Régine FRANÇOIS";"";"done";"GPSEO";"";""
"Seine-et-Marne (77)";"Blennes";546;"CC Gâtinais Val de Loing";"Stéphanie PRISÉ";"";"inprogress";"";"";""
"Yvelines (78)";"Gressey";541;"CC du Pays Houdanais";"Valéry BERTRAND";"";"done";"SIELY";"";""
"Seine-et-Marne (77)";"Jutigny";537;"CC Plaines et Monts de France";"Fabrice GENON";"";"inprogress";"";"";""
"Yvelines (78)";"Choisel";534;"CC Haute Vallée de Chevreuse";"Stéphanie VARIN GAHREN";"";"done";"QUECKENBORN";"";""
"Essonne (91)";"Boissy-la-Rivière";533;"CA Étampois Sud-Essonne";"Johanne LEIGNADIER";"";"inprogress";"";"";""
"Seine-et-Marne (77)";"Coulommes";532;"CA Coulommiers Pays de Brie";"Françoise BERNARD";"commune";"done";"BIR";"";"CM TOUS LES 3 ANS AVEC LE SDESM"
"Yvelines (78)";"Montainville";531;"CC Cur d'Yvelines";"Eric MARTIN";"";"done";"CITEOS";"";""
"Seine-et-Marne (77)";"Saint-Ouen-sur-Morin";530;"CA Coulommiers Pays de Brie";"Nathalie VIBERT";"";"inprogress";"";"";""
"Yvelines (78)";"Villette";528;"CC Portes de l'Île-de-France";"Jean-Marie POËTTE";"";"done";"SICAE ELY";"";""
"Val-d'Oise (95)";"Frémécourt";526;"CC du Vexin-Val de Seine";"Grégoire BOUILLIANT";"";"todo";"";"";""
"Seine-et-Marne (77)";"Bransles";525;"CC Gâtinais Val de Loing";"Florent NEGRIER";"";"inprogress";"";"";""
"Essonne (91)";"Buno-Bonnevaux";523;"CC des Deux Vallées";"Bernardin COUDORO";"";"inprogress";"";"";""
"Val-d'Oise (95)";"Genainville";522;"CC du Vexin-Val de Seine";"Jean-Marc LALANNE";"";"todo";"";"";""
"Essonne (91)";"Nainville-les-Roches";520;"CC du Val d'Essonne";"Frédéric MOURET";"";"inprogress";"";"";""
"Yvelines (78)";"Tilly";517;"CC Portes de l'Île-de-France";"Jean-Claude ROBIN";"";"done";"SICAEL ELY";"";""
"Seine-et-Marne (77)";"Vimpelles";515;"CC Bassée-Montois";"Yannick MASSON";"";"inprogress";"";"";""
"Val-d'Oise (95)";"Génicourt";514;"CC du Vexin-Val de Seine";"Olivier DESLANDES";"";"todo";"";"";""
"Val-d'Oise (95)";"Frémainville";507;"CC du Vexin-Val de Seine";"Angélique LAGO";"";"todo";"";"";""
"Seine-et-Marne (77)";"Chevry-en-Sereine";505;"CC Gâtinais Val de Loing";"Isabelle ROBBENS";"";"inprogress";"";"";""
"Val-d'Oise (95)";"Le Perchay";504;"CC du Vexin-Val de Seine";"Gregory LEOST";"";"todo";"";"";""
"Seine-et-Marne (77)";"Poigny";504;"CC du Provinois";"Claude BONICI";"";"inprogress";"";"";""
"Yvelines (78)";"Andelu";504;"CC Cur d'Yvelines";"Vincent MECHENET";"";"callback";"MAIL ENVOYÉ";"";""
"Yvelines (78)";"Bourdonné";504;"CC Cur d'Yvelines";"Sylvain ROULAND";"";"callback";"MAIL ENVOYÉ";"";""
"Essonne (91)";"La Forêt-le-Roi";502;"CC du Dourdannais en Hurepoix";"Marie-Ange GANGNEBIEN";"";"inprogress";"";"";""
"Seine-et-Marne (77)";"Meilleray";502;"CC Brie Nangissienne";"Séverine DELAPLACE";"";"inprogress";"";"";""
"Yvelines (78)";"Longvilliers";501;"CA Rambouillet Territoires";"Maurice CHANCLUD";"";"done";"QUECKENBORN";"";""
"Yvelines (78)";"Senlisse";501;"CC Haute Vallée de Chevreuse";"Lauri BOUNATIROU";"";"callback";"MAIL ENVOYÉ";"";""
"Val-d'Oise (95)";"Villers-en-Arthies";498;"CC du Vexin-Val de Seine";"Jean-François CHRISTIAN RENARD";"";"todo";"";"";""
"Seine-et-Marne (77)";"Faÿ-lès-Nemours";498;"CC Val Briard";"Christian PEUTOT";"syndicat";"done";"SATELEC";"";"CM DE 3 ANS PAR LE SDESM"
"Yvelines (78)";"Béhoust";498;"CC Cur d'Yvelines";"Guy PELISSIER";"";"callback";"MAIL ENVOYÉ";"";""
"Val-d'Oise (95)";"Longuesse";496;"CC du Vexin-Val de Seine";"Norbert LALLOYER";"";"todo";"";"";""
"Seine-et-Marne (77)";"Montereau-sur-le-Jard";495;"CA Melun Val de Seine";"Marion DE PAIX DE COEUR";"";"inprogress";"";"";""
"Seine-et-Marne (77)";"Louan-Villegruis-Fontaine";493;"CC Gâtinais Val de Loing";"Nicolas BRODARD";"";"inprogress";"";"";""
"Seine-et-Marne (77)";"Rouilly";493;"CC Brie des Rivières et Châteaux";"Béatrice MANZANO MISAK";"";"inprogress";"";"";""
"Essonne (91)";"Saint-Cyr-la-Rivière";489;"CA Étampois Sud-Essonne";"Lionel Didier GOIN";"";"inprogress";"";"";""
"Seine-et-Marne (77)";"Saint-Hilliers";484;"CC du Provinois";"Catherine GALLOIS";"";"inprogress";"";"";"16H"
"Seine-et-Marne (77)";"Aufferville";482;"CC Pays de Nemours";"Bruno MOULIÉ";"";"inprogress";"";"";""
"Seine-et-Marne (77)";"Mauperthuis";480;"CC du Pays de l'Ourcq";"Dominique CARLIER";"";"inprogress";"";"";""
"Seine-et-Marne (77)";"La Trétoire";479;"CA Coulommiers Pays de Brie";"Sylvie CHAPON";"";"inprogress";"";"";""
"Val-d'Oise (95)";"Cléry-en-Vexin";476;"CC du Vexin-Val de Seine";"René PANNIER";"";"todo";"";"";""
"Essonne (91)";"Saint-Jean-de-Beauregard";476;"CC du Pays de Limours";"Sabine ROYANT";"";"inprogress";"";"";""
"Val-d'Oise (95)";"Bellefontaine";474;"CC du Haut Val d'Oise";"Célia DELAHAYE";"";"todo";"";"";""
"Essonne (91)";"Saint-Escobille";473;"CA Étampois Sud-Essonne";"Valérie GALOPIN";"";"inprogress";"";"";""
"Seine-et-Marne (77)";"Les Chapelles-Bourbon";469;"CC Val Briard";"Anne PARISY";"";"inprogress";"";"";""
"Seine-et-Marne (77)";"Remauville";469;"CC Gâtinais Val de Loing";"Carole LOVERGNE";"";"inprogress";"";"";"14h"
"Seine-et-Marne (77)";"Pierre-Levée";467;"CA Coulommiers Pays de Brie";"Philippe DESWARTE";"";"inprogress";"";"";""
"Seine-et-Marne (77)";"Cuisy";466;"CC Plaines et Monts de France";"Lionel PHILIPPE";"";"inprogress";"";"";""
"Yvelines (78)";"Chaufour-lès-Bonnières";466;"CU Grand Paris Seine et Oise";"Dominique DEVE";"";"done";"GPSEO";"";""
"Essonne (91)";"Souzy-la-Briche";464;"CC Entre Juine et Renarde";"Dominique COLLET";"";"inprogress";"";"";""
"Seine-et-Marne (77)";"Paley";462;"CC Gâtinais Val de Loing";"Gilles DEJARDINS";"syndicat";"done";"ne veulent pas donner";"";"CM avec le SDESM"
"Seine-et-Marne (77)";"Villebéon";460;"CC Gâtinais Val de Loing";"Francis PLÉ";"commune";"done";"EIFFAGE";"";"CM JUSQU'EN 2030 AVEC LE SDESM"
"Seine-et-Marne (77)";"Marcilly";459;"CC Plaines et Monts de France";"Fabrice DIDON";"";"inprogress";"";"";""
"Seine-et-Marne (77)";"Saint-Fiacre";458;"CC Val Briard";"David LOURDELET";"";"inprogress";"";"";""
"Seine-et-Marne (77)";"Carnetin";456;"CA Marne et Gondoire";"Pascal LEROY";"";"refused";"";"";""
"Seine-et-Marne (77)";"Crèvecur-en-Brie";445;"CC Val Briard";"Marc CUYPERS";"";"inprogress";"";"";""
"Yvelines (78)";"Saint-Lambert";444;"CC Haute Vallée de Chevreuse";"Olivier BEDOUELLE";"";"callback";"MAIL ENVOYÉ";"";""
"Seine-et-Marne (77)";"Mons-en-Montois";443;"CC Gâtinais Val de Loing";"Bruno DEMAEGDT";"";"inprogress";"";"";""
"Yvelines (78)";"Saint-Forget";443;"CC Haute Vallée de Chevreuse";"Isabelle GAUTHERON-BRUNEAU";"";"callback";"MAIL ENVOYÉ";"";""
"Seine-et-Marne (77)";"Villenauxe-la-Petite";439;"CC du Provinois";"Jean-Pierre MARGOUILLA";"";"inprogress";"";"";""
"Val-d'Oise (95)";"Béthemont-la-Forêt";435;"CA Plaine Vallée";"Didier DAGONET";"";"todo";"";"";""
"Seine-et-Marne (77)";"Lescherolles";435;"CC du Provinois";"Patrick ROBERT";"syndicat";"done";"Bouygues energie";"";"CM tous les 3 ans avec le SDESM"
"Yvelines (78)";"Hargeville";434;"CC du Pays Houdanais";"Alexandre LECOINTE";"";"callback";"MAIL ENVOYÉ";"";""
"Val-d'Oise (95)";"Bréançon";432;"CC du Vexin-Val de Seine";"Christophe BENOIST POUTEAU";"";"todo";"";"";""
"Essonne (91)";"Boutervilliers";429;"CA Étampois Sud-Essonne";"Marc HERREMAN";"";"inprogress";"";"";""
"Yvelines (78)";"Fontenay-Mauvoisin";425;"CU Grand Paris Seine et Oise";"Dominique JOSSEAUME";"";"done";"GPSEO";"";""
"Yvelines (78)";"Saint-Illiers-le-Bois";424;"CC Portes de l'Île-de-France";"Christine NOËL";"";"callback";"MAIL ENVOYÉ";"";""
"Seine-et-Marne (77)";"Forges";421;"CA Roissy Pays de France";"Romain SENOBLE";"";"inprogress";"";"";""
"Seine-et-Marne (77)";"Treuzy-Levelay";421;"CC Gâtinais Val de Loing";"Patricia PILLOT";"";"inprogress";"";"";""
"Seine-et-Marne (77)";"La Chapelle-Moutils";420;"CA Coulommiers Pays de Brie";"Harold MONPOINT";"syndicat";"done";"BOUYGUES";"";"CM DE 3 ANS RENOUVELABLES AVEC LE SDESM"
"Seine-et-Marne (77)";"Nanteuil-sur-Marne";420;"CC des Deux Morin";"Emmanuel VIVET";"";"inprogress";"";"";""
"Seine-et-Marne (77)";"Boissettes";417;"CA Melun Val de Seine";"Thierry SEGURA";"syndicat";"done";"SPIE";"";"CM DE 6 ANS AVEC LE SDESM"
"Yvelines (78)";"Cravent";417;"CU Grand Paris Seine et Oise";"Jacky JOUBERT";"";"done";"GPSEO";"";""
"Seine-et-Marne (77)";"Marolles-en-Brie";412;"CC Val Briard";"Christine GUILLETTE";"";"inprogress";"";"";""
"Yvelines (78)";"Prunay-le-Temple";411;"CC du Pays Houdanais";"Jean MYOTTE";"";"callback";"MAIL ENVOYÉ";"";""
"Seine-et-Marne (77)";"Nanteau-sur-Essonne";407;"CC Gâtinais Val de Loing";"Olivier MAUXION";"";"inprogress";"";"";""
"Yvelines (78)";"Mareil-le-Guyon";406;"CC Cur d'Yvelines";"Patricia SADOC";"";"callback";"MAIL ENVOYÉ";"";""
"Essonne (91)";"Saint-Hilaire";405;"CA Étampois Sud-Essonne";"Stéphane DEMEULEMEESTER";"";"inprogress";"";"";""
"Yvelines (78)";"Osmoy";404;"CC du Pays Houdanais";"Hugues BOVAËRE";"";"done";"SOCIETE ENERGIES SERVICES À HOUDAN (78)";"";""
"Val-d'Oise (95)";"La Roche-Guyon";399;"CC du Vexin-Val de Seine";"Capucine FAIVRE";"";"todo";"";"";""
"Seine-et-Marne (77)";"Pézarches";398;"CC Brie Nangissienne";"Aurélie RACINET";"";"inprogress";"";"";""
"Yvelines (78)";"Mondreville";398;"CC Portes de l'Île-de-France";"Géraud COLLET";"";"callback";"MAIL ENVOYÉ";"";""
"Seine-et-Marne (77)";"Laval-en-Brie";393;"CC Pays de Nemours";"Jérôme BONIFACIO";"";"inprogress";"";"";""
"Essonne (91)";"Richarville";391;"CA Étampois Sud-Essonne";"Carine HOUDOUIN";"";"inprogress";"";"";""
"Val-d'Oise (95)";"Livilliers";389;"CC du Vexin-Val de Seine";"Brigitte DUCHÊNE";"";"todo";"";"";""
"Seine-et-Marne (77)";"Sancy";389;"CA Coulommiers Pays de Brie";"Vincent DUPORT";"";"inprogress";"";"";""
"Val-d'Oise (95)";"Ambleville";388;"CC du Vexin-Val de Seine";"Martine SOREL";"";"todo";"";"";""
"Seine-et-Marne (77)";"Villemareuil";387;"CA du Pays de Meaux";"Pascal BONNARD";"";"inprogress";"";"";""
"Seine-et-Marne (77)";"Bassevelle";385;"CA Coulommiers Pays de Brie";"Jean-Marie VAN LANDEGHEM";"";"inprogress";"";"";""
"Seine-et-Marne (77)";"Noyen-sur-Seine";384;"CC Bassée-Montois";"André CAPMARTY";"";"inprogress";"";"";""
"Yvelines (78)";"Courgent";382;"CC du Pays Houdanais";"Marianne GOUTALAND";"";"callback";"MAIL ENVOYÉ";"";""
"Seine-et-Marne (77)";"Douy-la-Ramée";381;"CC du Pays de l'Ourcq";"Caroline GUÉRIN";"";"inprogress";"";"";""
"Seine-et-Marne (77)";"Vinantes";381;"CC Plaines et Monts de France";"Yves PELLETIER";"commune";"done";"BIR";"";"CM "
"Yvelines (78)";"Vicq";381;"CC Cur d'Yvelines";"Martine COLAS BINET";"";"callback";"MAIL ENVOYÉ";"";""
"Essonne (91)";"Chalou-Moulineux";380;"CA Étampois Sud-Essonne";"Maxime RONDU";"";"inprogress";"";"";""
"Val-d'Oise (95)";"Vienne-en-Arthies";379;"CC du Vexin-Val de Seine";"Serge BILLOUÉ";"";"todo";"";"";""
"Essonne (91)";"Monnerville";378;"CA Étampois Sud-Essonne";"Angélina CIANCI";"";"callback";"";"";""
"Seine-et-Marne (77)";"Ocquerre";378;"CC du Pays de l'Ourcq";"Bruno GAUTIER";"";"inprogress";"";"";""
"Val-d'Oise (95)";"Montreuil-sur-Epte";377;"CC du Vexin-Val de Seine";"Brigitte PINCHON";"";"todo";"";"";""
"Seine-et-Marne (77)";"Saint-Germain-sur-École";377;"CA du Pays de Fontainebleau";"Jean HELIE";"";"inprogress";"";"";""
"Yvelines (78)";"Méricourt";377;"CU Grand Paris Seine et Oise";"Philippe JUMEAUCOURT";"";"done";"GPSEO";"";""
"Yvelines (78)";"Rosay";377;"CC Portes de l'Île-de-France";"Christophe PERREL";"";"callback";"MAIL ENVOYÉ";"";""
"Essonne (91)";"Boigneville";376;"CA Étampois Sud-Essonne";"Jean-Jacques BOUSSAINGAULT";"";"done";"Bouygues ";"";"CM"
"Seine-et-Marne (77)";"Tigeaux";376;"CA Coulommiers Pays de Brie";"Francis POISSON";"syndicat";"done";"SDESM ET BIR";"";"CM AUPRÈS DE BIR"
"Seine-et-Marne (77)";"Barcy";375;"CA du Pays de Meaux";"Pierre-Edouard DHUICQUE";"";"inprogress";"";"";""
"Val-d'Oise (95)";"Berville";374;"CC du Vexin-Val de Seine";"Isabelle JONCOURT-DANEL";"";"todo";"";"";""
"Essonne (91)";"Authon-la-Plaine";371;"CA Étampois Sud-Essonne";"Nicolas ANDRÉ";"";"done";"QUEKENBORN";"";"CM"
"Essonne (91)";"Mauchamps";371;"CA Étampois Sud-Essonne";"Thomas GONSARD";"";"callback";"";"";"Communauté de commune (CCEJR)"
"Yvelines (78)";"Saint-Illiers-la-Ville";367;"CC Portes de l'Île-de-France";"Sylvain DANIEL";"";"done";"VIANUM";"";""
"Seine-et-Marne (77)";"Beauchery-Saint-Martin";364;"CC Brie Nangissienne";"Patrice SCHLEMER";"";"inprogress";"";"";""
"Seine-et-Marne (77)";"Aulnoy";363;"CA Coulommiers Pays de Brie";"Eric GOBARD";"";"inprogress";"";"";""
"Seine-et-Marne (77)";"Mouy-sur-Seine";362;"CC Bassée-Montois";"Gérard CARRASCO";"";"inprogress";"";"";""
"Val-d'Oise (95)";"Montgeroult";361;"CC du Vexin-Val de Seine";"Rémi LEPAPE";"";"todo";"";"";""
"Seine-et-Marne (77)";"Châteaubleau";361;"CC Brie Nangissienne";"Jean-Marc DESPLATS";"";"inprogress";"";"";""
"Seine-et-Marne (77)";"Saint-Sauveur-lès-Bray";361;"CC Bassée-Montois";"Gérard JAMBUT";"";"inprogress";"";"";""
"Essonne (91)";"Champmotteux";360;"CA Étampois Sud-Essonne";"Jérôme DESNOUE";"";"inprogress";"";"";""
"Seine-et-Marne (77)";"Bréau";360;"CC Brie des Rivières et Châteaux";"Anita GRAS";"";"inprogress";"";"";""
"Seine-et-Marne (77)";"Sognolles-en-Montois";359;"CC Brie Nangissienne";"Michaël DRAULT";"syndicat";"done";"ENEDIS";"";"CM 3 ANS AVEC LE SDESM"
"Seine-et-Marne (77)";"Mauregard";358;"CA Coulommiers Pays de Brie";"Thibault DOS SANTOS";"commune";"done";"STPEE";"";""
"Yvelines (78)";"Civry-la-Forêt";357;"CC du Pays Houdanais";"Danièle LE FOLL";"";"callback";"MAIL ENVOYÉ";"";""
"Yvelines (78)";"Rolleboise";356;"CU Grand Paris Seine et Oise";"Yvette BRUNET";"";"done";"GPSEO";"";""
"Seine-et-Marne (77)";"Argentières";352;"CC Brie Nangissienne";"Patrice SAINT-JALMES";"";"inprogress";"";"";""
"Seine-et-Marne (77)";"Balloy";351;"CC Bassée-Montois";"Eric PEZET";"syndicat";"done";"HELP";"";"CM avec le SDESM"
"Seine-et-Marne (77)";"La Madeleine-sur-Loing";350;"CC Brie des Rivières et Châteaux";"Jean Jacques HYEST";"";"inprogress";"";"";""
"Val-d'Oise (95)";"Frouville";347;"CC Carnelle Pays-de-France";"Stéphan LAZAROFF";"";"todo";"";"";""
"Seine-et-Marne (77)";"Melz-sur-Seine";347;"CA Melun Val de Seine";"Laure MASSON-MIGLIORI";"";"inprogress";"";"";""
"Seine-et-Marne (77)";"Amponville";346;"CC Pays de Nemours";"François-Xavier DUPERAT";"";"inprogress";"";"";""
"Seine-et-Marne (77)";"Jaulnes";345;"CC du Pays de l'Ourcq";"Philippe SENSI";"";"inprogress";"";"";""
"Seine-et-Marne (77)";"Tousson";341;"CA du Pays de Fontainebleau";"Michaël GOUÉ";"";"inprogress";"";"";""
"Yvelines (78)";"Sailly";340;"CU Grand Paris Seine et Oise";"Catherine DAVILLARS";"";"done";"GPSEO";"";""
"Seine-et-Marne (77)";"Saint-Barthélemy";338;"CA Coulommiers Pays de Brie";"Michel ROCH";"";"inprogress";"";"";""
"Essonne (91)";"Courances";336;"CC des Deux Vallées";"Dominique FAUVIN";"";"done";"SICAE";"";"CM"
"Seine-et-Marne (77)";"La Haute-Maison";336;"CC Pays de Montereau";"Albane ANCELIN";"";"inprogress";"";"";""
"Seine-et-Marne (77)";"Tancrou";334;"CC du Pays de l'Ourcq";"Sylviane TRONCHE";"";"inprogress";"";"";""
"Seine-et-Marne (77)";"Saint-Méry";333;"CC Brie des Rivières et Châteaux";"Françoise KUBIAK";"";"inprogress";"";"";""
"Seine-et-Marne (77)";"Boulancourt";332;"CC Pays de Nemours";"Eric JAIRE";"syndicat";"done";"";"";"CM AVEC LE SDESM"
"Essonne (91)";"Abbéville-la-Rivière";331;"CA Étampois Sud-Essonne";"Éric MEYER";"";"inprogress";"";"";""
"Seine-et-Marne (77)";"Sancy-lès-Provins";331;"CC du Provinois";"Jacqueline BILOWUS";"";"inprogress";"";"";""
"Essonne (91)";"Auvernaux";330;"CC du Val d'Essonne";"Wilfrid HILGENGA";"";"inprogress";"";"";""
"Seine-et-Marne (77)";"Lissy";330;"CA Melun Val de Seine";"10 MAI election municipale";"syndicat";"done";"SPIE";"";"CM 6 ANS AVEC SDESM"
"Val-d'Oise (95)";"Buhy";329;"CC du Vexin-Val de Seine";"Jean-Pierre DORÉ";"";"todo";"";"";""
"Essonne (91)";"Plessis-Saint-Benoist";329;"CA Étampois Sud-Essonne";"Carole MISSAULT";"";"inprogress";"";"";""
"Seine-et-Marne (77)";"Boitron";328;"CA Coulommiers Pays de Brie";"Laurent CALLOT";"";"inprogress";"";"";""
"Val-d'Oise (95)";"Omerville";327;"CC du Vexin-Val de Seine";"Denys DE MAGNITOT";"";"todo";"";"";""
"Yvelines (78)";"Orsonville";327;"CA Rambouillet Territoires";"Anne CABRIT";"";"done";"PRUNEVIEILLE";"";""
"Val-d'Oise (95)";"Wy-dit-Joli-Village";326;"CC du Vexin-Val de Seine";"Laurent BOSSU";"";"todo";"";"";""
"Seine-et-Marne (77)";"Mondreville";325;"CA Grand Paris Sud";"Jean-Sébastien POITOU";"";"inprogress";"";"";""
"Seine-et-Marne (77)";"Dhuisy";323;"CC du Pays de l'Ourcq";"Philippe LAPLAIGE";"";"inprogress";"";"";""
"Seine-et-Marne (77)";"Montceaux-lès-Provins";322;"CC du Provinois";"Olivier ARTHUR";"syndicat";"done";"Bouygues";"";"CM de 4 ans avec le SDESM"
"Val-d'Oise (95)";"La Chapelle-en-Vexin";320;"CC du Vexin-Val de Seine";"Laurent ASTRUC";"";"todo";"";"";""
"Seine-et-Marne (77)";"Puisieux";319;"CC Plaines et Monts de France";"Olivier DENEUFBOURG";"commune";"done";"Total Energie";"";"CM par le SDESM intervient lorsqu'il y'a des anomalie"
"Yvelines (78)";"Montalet-le-Bois";319;"CU Grand Paris Seine et Oise";"Maël WOTIN";"";"done";"GPSEO";"";""
"Seine-et-Marne (77)";"Jaignes";318;"CA Marne et Gondoire";"Achille HOURDÉ";"";"inprogress";"";"";""
"Seine-et-Marne (77)";"Vignely";318;"CA du Pays de Meaux";"Franck CALADO";"syndicat";"done";"BIR";"";"SDESM"
"Seine-et-Marne (77)";"Égligny";316;"CC Moret Seine et Loing";"Christine LEMORE";"";"inprogress";"";"";""
"Val-d'Oise (95)";"Bouqueval";314;"CA Roissy Pays de France";"Francis MALLARD";"";"todo";"";"";""
"Seine-et-Marne (77)";"Andrezel";311;"CC Brie des Rivières et Châteaux";"Bruno RÉMOND";"";"inprogress";"";"";""
"Val-d'Oise (95)";"Courcelles-sur-Viosne";310;"CA de Cergy-Pontoise";"Christophe ROCHE";"";"todo";"";"";"PAS DANS CETTE AGLO"
"Seine-et-Marne (77)";"Voulton";304;"CC du Provinois";"Jacques SIMONY";"";"inprogress";"";"";""
"Yvelines (78)";"Saint-Martin-des-Champs";304;"CC Portes de l'Île-de-France";"Benoît TIERS";"";"done";"RAOULT";"";""
"Seine-et-Marne (77)";"Montigny-le-Guesdier";302;"CC Bassée-Montois";"Ingrid DUPONT";"";"inprogress";"";"";""
"Seine-et-Marne (77)";"Chenou";301;"CC Gâtinais Val de Loing";"Gérard MOUSSET";"";"inprogress";"";"";""
"Seine-et-Marne (77)";"Thénisy";301;"CC du Provinois";"Régis DE RYCKE";"";"inprogress";"";"";""
"Seine-et-Marne (77)";"Chartronges";300;"CC Brie Nangissienne";"David GAUDÉ";"";"inprogress";"";"";""
"Essonne (91)";"Prunay-sur-Essonne";299;"CC des Deux Vallées";"Sandrine MASIN";"";"done";"SICAE";"";"Pas de CM"
"Seine-et-Marne (77)";"Charmentray";298;"CA Roissy Pays de France";"Bernard LENFANT";"";"inprogress";"";"";""
"Val-d'Oise (95)";"Chauvry";297;"CA Plaine Vallée";"Olivier ROBINOT";"";"todo";"";"";""
"Seine-et-Marne (77)";"Le Plessis-Placy";296;"CC Plaines et Monts de France";"Jean-Paul MEUNIER";"";"inprogress";"";"";""
"Yvelines (78)";"Montchauvet";295;"CC du Pays Houdanais";"Yves LECOY";"";"done";"IL EN A PAS";"";""
"Seine-et-Marne (77)";"Cerneux";294;"CC Brie Nangissienne";"Olivier MAZZUCHELLI";"";"inprogress";"";"";""
"Seine-et-Marne (77)";"Nantouillet";294;"CC Plaines et Monts de France";"Yannik URBANIAK";"";"inprogress";"";"";""
"Val-d'Oise (95)";"Haute-Isle";293;"CC du Vexin-Val de Seine";"Jean-Yves BOUQUEREL";"";"todo";"";"";""
"Seine-et-Marne (77)";"Le Plessis-l'Évêque";292;"CA Roissy Pays de France";"Pascal VECTEN";"syndicat";"done";"SIER";"";"gerer par le SDESM et SIER"
"Seine-et-Marne (77)";"Villiers-sur-Seine";291;"CC Bassée-Montois";"Dominique BOUDIGNAT";"syndicat";"done";"HELP";"";"CM avec le SDESM"
"Yvelines (78)";"Grandchamp";291;"CC du Pays Houdanais";"Hervé RENAULD";"";"refused";"";"";""
"Yvelines (78)";"Milon-la-Chapelle";288;"CC Haute Vallée de Chevreuse";"Pascal HAMON";"";"callback";"MAIL ENVOYÉ";"";""
"Yvelines (78)";"Boinville-en-Mantois";287;"CU Grand Paris Seine et Oise";"Nicolas GOURNAY";"";"done";"GPSEO";"";""
"Seine-et-Marne (77)";"Vaucourtois";286;"CA Marne et Gondoire";"Maryse MICHON";"syndicat";"done";"BIR";"";"CM avec le SDESM"
"Yvelines (78)";"Millemont";285;"CC Cur d'Yvelines";"Annie JOSEPH";"";"callback";"MAIL ENVOYÉ";"";""
"Val-d'Oise (95)";"Théméricourt";283;"CC du Vexin-Val de Seine";"Denis SARGERET";"";"todo";"";"";""
"Val-d'Oise (95)";"Chennevières-lès-Louvres";282;"CA Roissy Pays de France";"Eric PLASMANS";"";"todo";"";"";""
"Yvelines (78)";"Allainville";282;"CA Rambouillet Territoires";"Gilles QUINTON";"";"done";"PRUNEVIEILLE";"";""
"Yvelines (78)";"Boissets";282;"CU Grand Paris Seine et Oise";"Thierry MAILLIER";"";"done";"GPSEO";"";""
"Yvelines (78)";"Davron";282;"CC Gally-Mauldre";"Damien GUIBOUT";"";"done";"TERRE IDEAL";"";""
"Seine-et-Marne (77)";"Dagny";281;"CA Coulommiers Pays de Brie";"Ghislaine SIMPER";"";"inprogress";"";"";""
"Essonne (91)";"Courdimanche-sur-Essonne";279;"CC des Deux Vallées";"Claude DUVAL";"";"inprogress";"";"";""
"Val-d'Oise (95)";"Hédouville";278;"CC du Vexin-Val de Seine";"Eric COUPPE";"";"todo";"";"";""
"Essonne (91)";"Torfou";278;"CC Entre Juine et Renarde";"Antoine POUPINEL";"";"inprogress";"";"";""
"Seine-et-Marne (77)";"Boissy-aux-Cailles";276;"CA du Pays de Fontainebleau";"Patrick POCHON";"";"inprogress";"";"";"SDESM"
"Seine-et-Marne (77)";"Augers-en-Brie";275;"CC Brie Nangissienne";"David BERNARD";"";"inprogress";"";"";""
"Seine-et-Marne (77)";"Vincy-Manuvre";275;"CC Plaines et Monts de France";"Gilles DUROUCHOUX";"";"inprogress";"";"";""
"Essonne (91)";"Saint-Sulpice-de-Favières";270;"CC du Dourdannais en Hurepoix";"Olivier PETRILLI";"";"inprogress";"";"";""
"Seine-et-Marne (77)";"Saint-Martin-du-Boschet";270;"CC du Provinois";"Christophe LEFEVRE";"";"inprogress";"";"";""
"Val-d'Oise (95)";"Jagny-sous-Bois";269;"CC Carnelle Pays-de-France";"Jacqueline HOLLINGER";"";"todo";"";"";""
"Seine-et-Marne (77)";"Coutençon";267;"CC du Provinois";"Emric HERMANS";"";"inprogress";"";"";""
"Seine-et-Marne (77)";"Fontains";266;"CA du Pays de Fontainebleau";"Bruno BERNASCONI";"";"inprogress";"";"";""
"Val-d'Oise (95)";"Arthies";265;"CC du Vexin-Val de Seine";"Bernard TÊTU";"";"todo";"";"";""
"Seine-et-Marne (77)";"Guercheville";264;"CA Coulommiers Pays de Brie";"Jean-Luc DOUINE";"syndicat";"done";"SATELEC";"";"CM avec SDESM"
"Val-d'Oise (95)";"Brignancourt";262;"CC du Vexin-Val de Seine";"Bertrand LACHAISE";"";"todo";"";"";""
"Essonne (91)";"Puiselet-le-Marais";261;"CA Étampois Sud-Essonne";"Fabien BIDAULT";"";"inprogress";"";"";""
"Seine-et-Marne (77)";"Hondevilliers";259;"CC Bassée-Montois";"Rozalla MONTREDON";"";"inprogress";"";"";""
"Seine-et-Marne (77)";"Le Plessis-aux-Bois";258;"CC Plaines et Monts de France";"Catherine PROFFIT";"";"inprogress";"";"";""
"Seine-et-Marne (77)";"Saint-Just-en-Brie";255;"CC Brie Nangissienne";"Sébastien DROMIGNY";"syndicat";"inprogress";"";"";"SDESM"
"Seine-et-Marne (77)";"Villuis";255;"CC Bassée-Montois";"Joël PACHOT";"";"inprogress";"";"";"SDESM qui s'occupe tout"
"Seine-et-Marne (77)";"Chevrainvilliers";254;"CC Pays de Nemours";"Benoît OUDIN";"";"inprogress";"";"";""
"Seine-et-Marne (77)";"Hautefeuille";254;"CA Coulommiers Pays de Brie";"Joël CHAUVIN";"";"inprogress";"";"";""
"Seine-et-Marne (77)";"Saint-Mars-Vieux-Maisons";252;"CC Brie Nangissienne";"Frédéric HUYSENTRUYT";"";"inprogress";"";"";""
"Seine-et-Marne (77)";"Saint-Léger";249;"CA Coulommiers Pays de Brie";"Marie-France GUIGNIER";"";"inprogress";"";"";""
"Seine-et-Marne (77)";"Montolivet";245;"CC du Provinois";"Lionel MOINIER";"";"inprogress";"";"";""
"Yvelines (78)";"Boinvilliers";245;"CC du Pays Houdanais";"Jacques NEDELLEC";"";"done";"PRUNEVIEILLE";"";""
"Seine-et-Marne (77)";"Courtacon";243;"CC Brie Nangissienne";"Marjorie SCOUPE";"";"inprogress";"";"";""
"Seine-et-Marne (77)";"Ormesson";241;"CC Pays de Nemours";"Alain POURSIN";"";"inprogress";"";"";"13H30"
"Val-d'Oise (95)";"Neuilly-en-Vexin";240;"CC du Vexin-Val de Seine";"Jérôme OLIVIER";"";"todo";"";"";""
"Seine-et-Marne (77)";"La Chapelle-Saint-Sulpice";240;"CC Brie Nangissienne";"Bruno PELLICIARI";"";"inprogress";"";"";""
"Seine-et-Marne (77)";"Clos-Fontaine";239;"CC Brie Nangissienne";"Martine FENEYROL";"";"inprogress";"";"";""
"Seine-et-Marne (77)";"Forfry";239;"CC Val Briard";"Alain BON";"";"inprogress";"";"";""
"Essonne (91)";"Marolles-en-Beauce";238;"CA Étampois Sud-Essonne";"Philippe DELAVEAU";"";"inprogress";"";"";""
"Seine-et-Marne (77)";"Villiers-en-Bière";238;"CA Melun Val de Seine";"Alain TRUCHON";"";"inprogress";"";"";""
"Yvelines (78)";"Herbeville";237;"CC Gally-Mauldre";"Vincent GAY";"";"done";"ELEC3D SANS CONTRAT";"";""
"Val-d'Oise (95)";"Saint-Cyr-en-Arthies";236;"CC du Vexin-Val de Seine";"Bruno MARAIS";"";"todo";"";"";""
"Seine-et-Marne (77)";"Fromont";236;"CC Gâtinais Val de Loing";"François ROISNEAU";"";"inprogress";"";"";""
"Seine-et-Marne (77)";"Montdauphin";234;"CC Brie Nangissienne";"Philippe DE VESTELE";"";"inprogress";"";"";""
"Seine-et-Marne (77)";"Vaux-sur-Lunain";234;"CC Gâtinais Val de Loing";"Charlie PREVOST";"";"callback";"";"";""
"Seine-et-Marne (77)";"Meigneux";233;"CA Melun Val de Seine";"Véronique SAMSON";"";"inprogress";"";"";""
"Seine-et-Marne (77)";"Luisetaines";230;"CC du Provinois";"Thomas LAGAN";"";"inprogress";"";"";""
"Seine-et-Marne (77)";"Bezalles";228;"CC du Provinois";"Patrick LEBAT";"";"inprogress";"";"";""
"Seine-et-Marne (77)";"Trocy-en-Multien";228;"CC du Pays de l'Ourcq";"Arnaud ROUSSEAU";"";"inprogress";"";"";""
"Val-d'Oise (95)";"Hodent";225;"CC du Vexin-Val de Seine";"Eric BRETON";"";"todo";"";"";""
"Val-d'Oise (95)";"Le Bellay-en-Vexin";224;"CC du Vexin-Val de Seine";"Ludovic BAZOT";"";"todo";"";"";""
"Seine-et-Marne (77)";"Montmachoux";224;"CC Gâtinais Val de Loing";"Christophe MARCHAND";"";"inprogress";"";"";""
"Yvelines (78)";"Dannemarie";223;"CC du Pays Houdanais";"Jean Pierre GILARD";"";"callback";"MAIL ENVOYÉ";"";""
"Seine-et-Marne (77)";"Châtillon-la-Borde";222;"CC Brie des Rivières et Châteaux";"Philippe CASSARD";"";"inprogress";"";"";""
"Yvelines (78)";"Paray-Douaville";219;"CA Rambouillet Territoires";"Martial ALIX";"";"callback";"MAIL ENVOYÉ";"";""
"Yvelines (78)";"Ménerville";216;"CU Grand Paris Seine et Oise";"Michael ESTEVEZ";"";"done";"GPSEO";"";""
"Seine-et-Marne (77)";"Cessoy-en-Montois";214;"CC Bassée-Montois";"Daniel RAY";"";"inprogress";"";"";""
"Val-d'Oise (95)";"Amenucourt";212;"CC du Vexin-Val de Seine";"Frédérique CAMBOURIEUX";"";"todo";"";"";""
"Essonne (91)";"Congerville-Thionville";212;"CA Étampois Sud-Essonne";"Marjolaine PELÉ";"";"inprogress";"";"";""
"Val-d'Oise (95)";"Maudétour-en-Vexin";208;"CC du Vexin-Val de Seine";"Didier VERMEIRE";"";"todo";"";"";""
"Val-d'Oise (95)";"Le Heaulme";207;"CC Sausseron Impressionnistes";"Maurice DELAHAYE";"";"todo";"";"";""
"Val-d'Oise (95)";"Villiers-le-Sec";205;"CA Roissy Pays de France";"Cyril DIARRA";"";"todo";"";"";""
"Seine-et-Marne (77)";"Courcelles-en-Bassée";205;"CC Bassée-Montois";"Jean-Luc AUZOU";"commune";"done";"SDESM ";"";"CM : 5 - 6 ans"
"Seine-et-Marne (77)";"Germigny-sous-Coulombs";205;"CA du Pays de Meaux";"Fabien LAVERGNE";"";"inprogress";"";"";""
"Essonne (91)";"Mespuits";201;"CA Étampois Sud-Essonne";"Didier BABAULT";"";"inprogress";"";"";""
"Seine-et-Marne (77)";"La Tombe";199;"CC Bassée-Montois";"Marc CHAUVIN";"commune";"done";"TOTAL ENERGIE";"";"CM "
"Seine-et-Marne (77)";"Diant";197;"CC Pays de Nemours";"Isoline GARREAU";"";"inprogress";"mess v";"";""
"Val-d'Oise (95)";"Lassy";196;"CC du Vexin-Val de Seine";"Gilbert MAUGAN";"";"todo";"";"";""
"Seine-et-Marne (77)";"Champcenest";196;"CC du Provinois";"Philippe MAISONNEUVE";"";"callback";"";"lundi 16h";""
"Seine-et-Marne (77)";"Courquetaine";190;"CC Val Briard";"Daisy LUCZAK";"";"callback";"";"17h";""
"Seine-et-Marne (77)";"Vieux-Champagne";189;"CC du Provinois";"Nadia MEDJANI";"";"callback";"";"vend 17h30";""
"Seine-et-Marne (77)";"Giremoutiers";187;"CC du Provinois";"Yves BRODARD";"commune";"done";"Eiffage";"CM + Bailleur";""
"Seine-et-Marne (77)";"Vanvillé";187;"CC Brie Nangissienne";"Luc GOLFIER";"";"callback";"";"14h30";""
"Yvelines (78)";"Flacourt";186;"CU Grand Paris Seine et Oise";"Séverine LE GOFF";"";"done";"GPSEO";"";""
"Seine-et-Marne (77)";"La Chapelle-Iger";184;"CC Val Briard";"Ludovic PERRIN";"";"inprogress";"laissé un mail";"";""
"Seine-et-Marne (77)";"Beauvoir";183;"CC Brie Nangissienne";"Patricia CASIER";"";"inprogress";"";"";"18H"
"Seine-et-Marne (77)";"Lizines";183;"CA Melun Val de Seine";"Laurent SALPERWYCK";"";"inprogress";"";"";""
"Seine-et-Marne (77)";"Paroy";176;"CC du Provinois";"Jean-Pierre MARTINEZ";"";"callback";"";"";""
"Essonne (91)";"Fontaine-la-Rivière";172;"CA Étampois Sud-Essonne";"Yvon BOUKAYA";"";"callback";"";"";"12h"
"Seine-et-Marne (77)";"Frétoy";172;"CA Roissy Pays de France";"Alexandre FLEJO";"";"refused";"";"";""
"Seine-et-Marne (77)";"Leudon-en-Brie";165;"CC de l'Orée de la Brie";"Claude LECOQ";"";"inprogress";"";"";""
"Yvelines (78)";"La Hauteville";163;"CC Portes de l'Île-de-France";"Marc COURTEAUD";"";"callback";"MAIL ENVOYÉ";"";""
"Val-d'Oise (95)";"Guiry-en-Vexin";161;"CC du Vexin-Val de Seine";"Dominique FLAMENT";"";"todo";"";"";""
"Seine-et-Marne (77)";"Gravon";161;"CC Brie Nangissienne";"Brice CHANTRE";"";"refused";"";"";""
"Seine-et-Marne (77)";"Châtenoy";159;"CC Gâtinais Val de Loing";"Denis CELADON";"";"callback";"";"";""
"Seine-et-Marne (77)";"Ichy";159;"CC Val Briard";"Herve JACQUESSON";"";"callback";"";"Jeudi 16h";""
"Yvelines (78)";"Favrieux";159;"CC Portes de l'Île-de-France";"Lionel LEMARIÉ";"";"callback";"MAIL ENVOYÉ";"";""
"Essonne (91)";"La Forêt-Sainte-Croix";158;"CC des Deux Vallées";"Guy CROSNIER";"";"inprogress";"";"";"17h"
"Yvelines (78)";"Flins-Neuve-Église";158;"CC Portes de l'Île-de-France";"Gilles LANDRY";"";"callback";"MAIL ENVOYÉ";"";""
"Seine-et-Marne (77)";"Gironville";157;"CA Coulommiers Pays de Brie";"François COUSIN";"syndicat";"done";"SDESM";"CM + Bailleur";""
"Val-d'Oise (95)";"Épiais-lès-Louvres";156;"CA Roissy Pays de France";"Karine GAILLARD";"";"todo";"";"";""
"Val-d'Oise (95)";"Le Plessis-Luzarches";152;"CC Carnelle Pays-de-France";"Patrick FAUVIN";"";"todo";"";"";""
"Seine-et-Marne (77)";"Les Marêts";152;"CC du Provinois";"Gérard COGNYL";"syndicat";"done";"BOUYGUES";"CM avec le prestataire";""
"Essonne (91)";"Orveau";151;"CA Étampois Sud-Essonne";"Philippe DAMIOT";"";"callback";"";"";"petite commune"
"Seine-et-Marne (77)";"Barbey";151;"CC Bassée-Montois";"Pierre Emmanuek LAVAUX";"";"callback";"";"";""
"Seine-et-Marne (77)";"Courchamp";150;"CC du Provinois";"Christine BOULET";"";"callback";"";"";""
"Val-d'Oise (95)";"Banthelu";146;"CC du Vexin-Val de Seine";"Bertrand FOUCAULT";"";"todo";"";"";""
"Seine-et-Marne (77)";"Burcy";146;"CC Pays de Nemours";"Philippe CHALMETTE";"";"inprogress";"";"";""
"Seine-et-Marne (77)";"Gesvres-le-Chapitre";146;"CC du Pays de l'Ourcq";"Laurent COURTIER";"";"callback";"";"";""
"Seine-et-Marne (77)";"Arville";140;"CC Gâtinais Val de Loing";"Frank SEVESTRE";"";"inprogress";"";"";""
"Seine-et-Marne (77)";"Mortery";140;"CC du Provinois";"Xavier BOUVRAIN";"";"inprogress";"";"";""
"Val-d'Oise (95)";"Chérence";137;"CC du Vexin-Val de Seine";"Philippe VANDEPUTTE";"";"todo";"";"";""
"Seine-et-Marne (77)";"Maisoncelles-en-Gâtinais";137;"CA Coulommiers Pays de Brie";"Netty VINTANEL ROUSIER";"";"inprogress";"";"";""
"Essonne (91)";"Chauffour-lès-Étréchy";135;"CA Étampois Sud-Essonne";"Fabien PIGEON";"";"callback";"";"";"Mercredi : 16h"
"Seine-et-Marne (77)";"Boisdon";134;"CC Brie Nangissienne";"Fabien PERNEL";"agglo";"done";"SDESM";"CM + BAILLEUR";""
"Essonne (91)";"Brouy";129;"CA Étampois Sud-Essonne";"Jean-Louis CHANDELLIER";"";"inprogress";"";"";""
"Seine-et-Marne (77)";"Garentreville";122;"CA du Pays de Meaux";"Caroline EYMAUZY";"";"inprogress";"";"";""
"Seine-et-Marne (77)";"Rumont";122;"CC Pays de Nemours";"Mehdi REZGALLAH";"";"callback";"";"";""
"Yvelines (78)";"Le Tertre-Saint-Denis";121;"CC Portes de l'Île-de-France";"Joêl MARIAGE";"";"callback";"MAIL ENVOYÉ";"";""
"Essonne (91)";"Arrancourt";119;"CA Étampois Sud-Essonne";"Denis YANNOU";"";"done";"EDF";"";"prestataire en charge des infrastructures d’éclairage"
"Essonne (91)";"Blandy";115;"CA Étampois Sud-Essonne";"Sylvain ENGEL";"";"inprogress";"";"";""
"Seine-et-Marne (77)";"Obsonville";115;"CC Pays de Nemours";"Hervé COURTOIS";"";"inprogress";"";"";"SDESM"
"Seine-et-Marne (77)";"Baby";112;"CC Pays de Montereau";"Dominique MIRVAULT";"";"refused";"";"";""
"Yvelines (78)";"Rennemoulin";110;"CA Versailles Grand Parc";"Laurent CLAVEL";"";"inprogress";"";"";""
"Val-d'Oise (95)";"Moussy";108;"CC Carnelle Pays-de-France";"Philippe HOUDAILLE";"";"todo";"";"";""
"Essonne (91)";"Roinvilliers";108;"CA Étampois Sud-Essonne";"Jean-Philippe PESOU";"";"inprogress";"";"";""
"Seine-et-Marne (77)";"Grisy-sur-Seine";107;"CC Val Briard";"Nora CHARPENTIER";"";"inprogress";"MESSAGE VOCAL";"";""
"Yvelines (78)";"Mulcent";106;"CC Portes de l'Île-de-France";"Caroline PELARD";"";"inprogress";"";"";""
"Val-d'Oise (95)";"Vaudherland";104;"CA Roissy Pays de France";"Bruno REGAERT";"";"todo";"";"";""
"Val-d'Oise (95)";"Le Plessis-Gassot";102;"CA Roissy Pays de France";"Fernando DE SOUSA";"";"todo";"";"";""
"Seine-et-Marne (77)";"Rupéreux";100;"CC du Provinois";"Virgine HUBLIER";"";"callback";"";"";""
"Essonne (91)";"Bois-Herpin";83;"CA Étampois Sud-Essonne";"Daniel VIRON";"";"inprogress";"";"";""
"Essonne (91)";"Chatignonville";71;"CA Étampois Sud-Essonne";"Henri BELLIER";"";"inprogress";"";"";""
"Seine-et-Marne (77)";"Vulaines-lès-Provins";70;"CC du Provinois";"Emmanuel CHAMPENOIS";"";"callback";"";"";""
"Val-d'Oise (95)";"Châtenay-en-France";68;"CA Roissy Pays de France";"Romain RENAUD";"";"todo";"";"";""
"Seine-et-Marne (77)";"Sigy";67;"CC du Provinois";"Christophe VERBRUGGE";"";"callback";"";"";""
"Val-d'Oise (95)";"Menouville";62;"CC du Vexin-Val de Seine";"Christian PION";"";"todo";"";"";""
"Yvelines (78)";"Gambaiseuil";62;"CC Cur d'Yvelines";"Robert PELOYE";"";"callback";"MAIL ENVOYÉ";"";""
"Val-d'Oise (95)";"Épinay-Champlâtreux";57;"CC Carnelle Pays-de-France";"Emmanuel DE NOAILLES";"";"todo";"";"";""
"Val-d'Oise (95)";"Theuville";53;"CC Carnelle Pays-de-France";"Jérémy PENTHER";"";"todo";"";"";""
"Seine-et-Marne (77)";"Passy-sur-Seine";44;"CC Bassée-Montois";"David LAMBLA";"";"inprogress";"MESSAGE VOCAL ";"";""
"Yvelines (78)";"Le Tartre-Gaudran";38;"CC Portes de l'Île-de-France";"Frédéric DE LA RUE";"";"callback";"MAIL ENVOYÉ";"";""
"Val-d'Oise (95)";"Charmont";32;"CC du Vexin-Val de Seine";"Rodolphe THOMASSIN";"";"todo";"";"";""
"Seine-et-Marne (77)";"Montenils";26;"CC du Provinois";"Paul LEFEBVRE";"";"callback";"";"";""
"Seine-et-Marne (77)";"Beautheil-Saints";0;"CC Val Briard";"";"";"refused";"";"";""
"Seine-et-Marne (77)";"Saint-Ange-le-Viel";0;"";"";"";"callback";"";"";""
